ORIGINAL_JS5 index=0 groups=10947
ORIGINAL_JS5 index=1 groups=2675
ORIGINAL_JS5 index=2 groups=41
ORIGINAL_JS5 index=5 groups=2937
ORIGINAL_JS5 index=7 groups=62031
ORIGINAL_JS5 index=8 groups=8560
ORIGINAL_JS5 index=9 groups=1
ORIGINAL_JS5 index=10 groups=4
ORIGINAL_JS5 index=13 groups=21
ORIGINAL_JS5 index=22 groups=914
NATIVE_WIDGET_ARCHIVES [3, 7, 8, 13, 23]
ORIGINAL_JS5 index=3 groups=970
NATIVE_OPTIONAL_WIDGET_ARCHIVE 23 has zero source groups; optional reference remains null.
ORIGINAL_JS5 index=12 groups=9802
ORIGINAL_JS5 index=17 groups=2
ORIGINAL_JS5 index=21 groups=150
ORIGINAL_JS5 index=24 groups=14
CONTROLLED_VARPS all_zero capacity=5743 (not observed account state)
NATIVE_MAPLOADER_BEGIN base=3168,3168 squares=[12336, 12337, 12338, 12339, 12592, 12593, 12594, 12595, 12848, 12849, 12850, 12851, 13104, 13105, 13106, 13107]
NATIVE_MAPLOADER_OK tiles=36243 placed_object_tile_references=3073 base=3168,3168
CONTROLLED_NATIVE_PLAYER name=Reference combat=3 local=LocalPoint(x=6976, y=6464, worldView=0)
NATIVE_MINIMAP generated512 source-scene scale4 at48,48
NATIVE_WIDGET_GROUP 161 count=99
NATIVE_WIDGET_GROUP 161 count=99
NATIVE_ONLOAD widget=10551296 script=[901, -2147483645, 1130]
NATIVE_PREFERENCE_SAVE_RECORDED count=1 persistence deliberately disabled
NATIVE_PREFERENCE_SAVE_RECORDED count=2 persistence deliberately disabled
NATIVE_PREFERENCE_SAVE_RECORDED count=3 persistence deliberately disabled
NATIVE_PREFERENCE_SAVE_RECORDED count=4 persistence deliberately disabled
NATIVE_ONLOAD widget=10551334 script=[834, -2147483645, 1]
NATIVE_ONLOAD widget=10551335 script=[834, -2147483645, 1]
NATIVE_ONLOAD widget=10551336 script=[834, -2147483645, 1]
NATIVE_ONLOAD widget=10551337 script=[834, -2147483645, 1]
NATIVE_ONLOAD widget=10551353 script=[834, -2147483645, 1]
NATIVE_ATTACH component=96 group=162
NATIVE_ATTACH component=33 group=160
NATIVE_ATTACH component=76 group=593
NATIVE_ATTACH component=77 group=320
NATIVE_ATTACH component=78 group=399
NATIVE_ATTACH component=79 group=149
NATIVE_ATTACH component=80 group=387
NATIVE_ATTACH component=81 group=541
NATIVE_ATTACH component=82 group=218
NATIVE_ATTACH component=83 group=707
NATIVE_ATTACH component=84 group=109
NATIVE_ATTACH component=85 group=429
NATIVE_ATTACH component=86 group=182
NATIVE_ATTACH component=87 group=116
NATIVE_PREFERENCE_SAVE_RECORDED count=5 persistence deliberately disabled
NATIVE_ATTACH component=88 group=216
NATIVE_ATTACH component=89 group=239
NATIVE_PREFERENCE_SAVE_RECORDED count=6 persistence deliberately disabled
NATIVE_PREFERENCE_SAVE_RECORDED count=7 persistence deliberately disabled
NATIVE_PREFERENCE_SAVE_RECORDED count=8 persistence deliberately disabled
NATIVE_PREFERENCE_SAVE_RECORDED count=9 persistence deliberately disabled
CAPTURE hud/native-inventory 1920x1080 pixels=1431805
NATIVE_PREFERENCE_SAVE_RECORDED count=10 persistence deliberately disabled
NATIVE_PREFERENCE_SAVE_RECORDED count=11 persistence deliberately disabled
NATIVE_PREFERENCE_SAVE_RECORDED count=12 persistence deliberately disabled
NATIVE_PREFERENCE_SAVE_RECORDED count=13 persistence deliberately disabled
CAPTURE hud/native-equipment 1920x1080 pixels=1431805
NATIVE_PREFERENCE_SAVE_RECORDED count=14 persistence deliberately disabled
NATIVE_PREFERENCE_SAVE_RECORDED count=15 persistence deliberately disabled
NATIVE_PREFERENCE_SAVE_RECORDED count=16 persistence deliberately disabled
NATIVE_PREFERENCE_SAVE_RECORDED count=17 persistence deliberately disabled
CAPTURE hud/native-skills 1920x1080 pixels=1431239
NATIVE_PREFERENCE_SAVE_RECORDED count=18 persistence deliberately disabled
NATIVE_PREFERENCE_SAVE_RECORDED count=19 persistence deliberately disabled
NATIVE_PREFERENCE_SAVE_RECORDED count=20 persistence deliberately disabled
NATIVE_PREFERENCE_SAVE_RECORDED count=21 persistence deliberately disabled
CAPTURE hud/native-combat 1920x1080 pixels=1431273
NATIVE_PREFERENCE_SAVE_RECORDED count=22 persistence deliberately disabled
NATIVE_PREFERENCE_SAVE_RECORDED count=23 persistence deliberately disabled
NATIVE_PREFERENCE_SAVE_RECORDED count=24 persistence deliberately disabled
NATIVE_PREFERENCE_SAVE_RECORDED count=25 persistence deliberately disabled
CAPTURE hud/native-prayer 1920x1080 pixels=1431712
NATIVE_PREFERENCE_SAVE_RECORDED count=26 persistence deliberately disabled
NATIVE_PREFERENCE_SAVE_RECORDED count=27 persistence deliberately disabled
NATIVE_PREFERENCE_SAVE_RECORDED count=28 persistence deliberately disabled
NATIVE_PREFERENCE_SAVE_RECORDED count=29 persistence deliberately disabled
CAPTURE hud/native-magic 1920x1080 pixels=1431752
NATIVE_PREFERENCE_SAVE_RECORDED count=30 persistence deliberately disabled
NATIVE_PREFERENCE_SAVE_RECORDED count=31 persistence deliberately disabled
NATIVE_PREFERENCE_SAVE_RECORDED count=32 persistence deliberately disabled
NATIVE_PREFERENCE_SAVE_RECORDED count=33 persistence deliberately disabled
CAPTURE hud/native-quest-list 1920x1080 pixels=1429865
NATIVE_PREFERENCE_SAVE_RECORDED count=34 persistence deliberately disabled
NATIVE_PREFERENCE_SAVE_RECORDED count=35 persistence deliberately disabled
NATIVE_PREFERENCE_SAVE_RECORDED count=36 persistence deliberately disabled
NATIVE_PREFERENCE_SAVE_RECORDED count=37 persistence deliberately disabled
NATIVE_PREFERENCE_SAVE_RECORDED count=38 persistence deliberately disabled
NATIVE_PREFERENCE_SAVE_RECORDED count=39 persistence deliberately disabled
NATIVE_PREFERENCE_SAVE_RECORDED count=40 persistence deliberately disabled
NATIVE_PREFERENCE_SAVE_RECORDED count=41 persistence deliberately disabled
CAPTURE hud/native-bank 1920x1080 pixels=1445654
NATIVE_PREFERENCE_SAVE_RECORDED count=42 persistence deliberately disabled
NATIVE_PREFERENCE_SAVE_RECORDED count=43 persistence deliberately disabled
NATIVE_PREFERENCE_SAVE_RECORDED count=44 persistence deliberately disabled
NATIVE_PREFERENCE_SAVE_RECORDED count=45 persistence deliberately disabled
NATIVE_PREFERENCE_SAVE_RECORDED count=46 persistence deliberately disabled
NATIVE_PREFERENCE_SAVE_RECORDED count=47 persistence deliberately disabled
NATIVE_PREFERENCE_SAVE_RECORDED count=48 persistence deliberately disabled
NATIVE_PREFERENCE_SAVE_RECORDED count=49 persistence deliberately disabled
NATIVE_PREFERENCE_SAVE_RECORDED count=50 persistence deliberately disabled
NATIVE_PREFERENCE_SAVE_RECORDED count=51 persistence deliberately disabled
NATIVE_PREFERENCE_SAVE_RECORDED count=52 persistence deliberately disabled
NATIVE_PREFERENCE_SAVE_RECORDED count=53 persistence deliberately disabled
CAPTURE hud/native-shop 1920x1080 pixels=1439775
NATIVE_PREFERENCE_SAVE_RECORDED count=54 persistence deliberately disabled
NATIVE_PREFERENCE_SAVE_RECORDED count=55 persistence deliberately disabled
NATIVE_PREFERENCE_SAVE_RECORDED count=56 persistence deliberately disabled
NATIVE_PREFERENCE_SAVE_RECORDED count=57 persistence deliberately disabled
NATIVE_PREFERENCE_SAVE_RECORDED count=58 persistence deliberately disabled
NATIVE_PREFERENCE_SAVE_RECORDED count=59 persistence deliberately disabled
NATIVE_PREFERENCE_SAVE_RECORDED count=60 persistence deliberately disabled
NATIVE_PREFERENCE_SAVE_RECORDED count=61 persistence deliberately disabled
CAPTURE hud/native-guide-dialogue 1920x1080 pixels=1430802
NATIVE_PREFERENCE_SAVE_RECORDED count=62 persistence deliberately disabled
NATIVE_PREFERENCE_SAVE_RECORDED count=63 persistence deliberately disabled
NATIVE_PREFERENCE_SAVE_RECORDED count=64 persistence deliberately disabled
NATIVE_PREFERENCE_SAVE_RECORDED count=65 persistence deliberately disabled
NATIVE_PREFERENCE_SAVE_RECORDED count=66 persistence deliberately disabled
NATIVE_PREFERENCE_SAVE_RECORDED count=67 persistence deliberately disabled
NATIVE_PREFERENCE_SAVE_RECORDED count=68 persistence deliberately disabled
NATIVE_PREFERENCE_SAVE_RECORDED count=69 persistence deliberately disabled
NATIVE_PREFERENCE_SAVE_RECORDED count=70 persistence deliberately disabled
NATIVE_PREFERENCE_SAVE_RECORDED count=71 persistence deliberately disabled
NATIVE_PREFERENCE_SAVE_RECORDED count=72 persistence deliberately disabled
NATIVE_PREFERENCE_SAVE_RECORDED count=73 persistence deliberately disabled
NATIVE_PREFERENCE_SAVE_RECORDED count=74 persistence deliberately disabled
NATIVE_PREFERENCE_SAVE_RECORDED count=75 persistence deliberately disabled
NATIVE_PREFERENCE_SAVE_RECORDED count=76 persistence deliberately disabled
NATIVE_PREFERENCE_SAVE_RECORDED count=77 persistence deliberately disabled
NATIVE_PREFERENCE_SAVE_RECORDED count=78 persistence deliberately disabled
CAPTURE hud/family-guide 1920x1080 pixels=1411133
NATIVE_PREFERENCE_SAVE_RECORDED count=79 persistence deliberately disabled
NATIVE_PREFERENCE_SAVE_RECORDED count=80 persistence deliberately disabled
NATIVE_PREFERENCE_SAVE_RECORDED count=81 persistence deliberately disabled
NATIVE_PREFERENCE_SAVE_RECORDED count=82 persistence deliberately disabled
NATIVE_PREFERENCE_SAVE_RECORDED count=83 persistence deliberately disabled
NATIVE_PREFERENCE_SAVE_RECORDED count=84 persistence deliberately disabled
NATIVE_PREFERENCE_SAVE_RECORDED count=85 persistence deliberately disabled
NATIVE_PREFERENCE_SAVE_RECORDED count=86 persistence deliberately disabled
NATIVE_PREFERENCE_SAVE_RECORDED count=87 persistence deliberately disabled
NATIVE_PREFERENCE_SAVE_RECORDED count=88 persistence deliberately disabled
NATIVE_PREFERENCE_SAVE_RECORDED count=89 persistence deliberately disabled
NATIVE_PREFERENCE_SAVE_RECORDED count=90 persistence deliberately disabled
NATIVE_PREFERENCE_SAVE_RECORDED count=91 persistence deliberately disabled
NATIVE_PREFERENCE_SAVE_RECORDED count=92 persistence deliberately disabled
NATIVE_PREFERENCE_SAVE_RECORDED count=93 persistence deliberately disabled
NATIVE_PREFERENCE_SAVE_RECORDED count=94 persistence deliberately disabled
NATIVE_PREFERENCE_SAVE_RECORDED count=95 persistence deliberately disabled
CAPTURE hud/family-survival 1920x1080 pixels=1430497
NATIVE_PREFERENCE_SAVE_RECORDED count=96 persistence deliberately disabled
NATIVE_PREFERENCE_SAVE_RECORDED count=97 persistence deliberately disabled
NATIVE_PREFERENCE_SAVE_RECORDED count=98 persistence deliberately disabled
NATIVE_PREFERENCE_SAVE_RECORDED count=99 persistence deliberately disabled
NATIVE_PREFERENCE_SAVE_RECORDED count=100 persistence deliberately disabled
NATIVE_PREFERENCE_SAVE_RECORDED count=101 persistence deliberately disabled
NATIVE_PREFERENCE_SAVE_RECORDED count=102 persistence deliberately disabled
NATIVE_PREFERENCE_SAVE_RECORDED count=103 persistence deliberately disabled
NATIVE_PREFERENCE_SAVE_RECORDED count=104 persistence deliberately disabled
NATIVE_PREFERENCE_SAVE_RECORDED count=105 persistence deliberately disabled
NATIVE_PREFERENCE_SAVE_RECORDED count=106 persistence deliberately disabled
NATIVE_PREFERENCE_SAVE_RECORDED count=107 persistence deliberately disabled
NATIVE_PREFERENCE_SAVE_RECORDED count=108 persistence deliberately disabled
NATIVE_PREFERENCE_SAVE_RECORDED count=109 persistence deliberately disabled
NATIVE_PREFERENCE_SAVE_RECORDED count=110 persistence deliberately disabled
NATIVE_PREFERENCE_SAVE_RECORDED count=111 persistence deliberately disabled
NATIVE_PREFERENCE_SAVE_RECORDED count=112 persistence deliberately disabled
CAPTURE hud/family-quest-guide 1920x1080 pixels=1428481
NATIVE_PREFERENCE_SAVE_RECORDED count=113 persistence deliberately disabled
NATIVE_PREFERENCE_SAVE_RECORDED count=114 persistence deliberately disabled
NATIVE_PREFERENCE_SAVE_RECORDED count=115 persistence deliberately disabled
NATIVE_PREFERENCE_SAVE_RECORDED count=116 persistence deliberately disabled
NATIVE_PREFERENCE_SAVE_RECORDED count=117 persistence deliberately disabled
NATIVE_PREFERENCE_SAVE_RECORDED count=118 persistence deliberately disabled
NATIVE_PREFERENCE_SAVE_RECORDED count=119 persistence deliberately disabled
NATIVE_PREFERENCE_SAVE_RECORDED count=120 persistence deliberately disabled
NATIVE_PREFERENCE_SAVE_RECORDED count=121 persistence deliberately disabled
NATIVE_PREFERENCE_SAVE_RECORDED count=122 persistence deliberately disabled
NATIVE_PREFERENCE_SAVE_RECORDED count=123 persistence deliberately disabled
NATIVE_PREFERENCE_SAVE_RECORDED count=124 persistence deliberately disabled
NATIVE_PREFERENCE_SAVE_RECORDED count=125 persistence deliberately disabled
NATIVE_PREFERENCE_SAVE_RECORDED count=126 persistence deliberately disabled
NATIVE_PREFERENCE_SAVE_RECORDED count=127 persistence deliberately disabled
NATIVE_PREFERENCE_SAVE_RECORDED count=128 persistence deliberately disabled
NATIVE_PREFERENCE_SAVE_RECORDED count=129 persistence deliberately disabled
CAPTURE hud/family-combat 1920x1080 pixels=1429965
NATIVE_PREFERENCE_SAVE_RECORDED count=130 persistence deliberately disabled
NATIVE_PREFERENCE_SAVE_RECORDED count=131 persistence deliberately disabled
NATIVE_PREFERENCE_SAVE_RECORDED count=132 persistence deliberately disabled
NATIVE_PREFERENCE_SAVE_RECORDED count=133 persistence deliberately disabled
NATIVE_PREFERENCE_SAVE_RECORDED count=134 persistence deliberately disabled
NATIVE_PREFERENCE_SAVE_RECORDED count=135 persistence deliberately disabled
NATIVE_PREFERENCE_SAVE_RECORDED count=136 persistence deliberately disabled
NATIVE_PREFERENCE_SAVE_RECORDED count=137 persistence deliberately disabled
NATIVE_PREFERENCE_SAVE_RECORDED count=138 persistence deliberately disabled
NATIVE_PREFERENCE_SAVE_RECORDED count=139 persistence deliberately disabled
NATIVE_PREFERENCE_SAVE_RECORDED count=140 persistence deliberately disabled
NATIVE_PREFERENCE_SAVE_RECORDED count=141 persistence deliberately disabled
NATIVE_PREFERENCE_SAVE_RECORDED count=142 persistence deliberately disabled
NATIVE_PREFERENCE_SAVE_RECORDED count=143 persistence deliberately disabled
NATIVE_PREFERENCE_SAVE_RECORDED count=144 persistence deliberately disabled
NATIVE_PREFERENCE_SAVE_RECORDED count=145 persistence deliberately disabled
NATIVE_PREFERENCE_SAVE_RECORDED count=146 persistence deliberately disabled
CAPTURE hud/family-prayer 1920x1080 pixels=1430401
NATIVE_PREFERENCE_SAVE_RECORDED count=147 persistence deliberately disabled
NATIVE_PREFERENCE_SAVE_RECORDED count=148 persistence deliberately disabled
NATIVE_PREFERENCE_SAVE_RECORDED count=149 persistence deliberately disabled
NATIVE_PREFERENCE_SAVE_RECORDED count=150 persistence deliberately disabled
NATIVE_PREFERENCE_SAVE_RECORDED count=151 persistence deliberately disabled
NATIVE_PREFERENCE_SAVE_RECORDED count=152 persistence deliberately disabled
NATIVE_PREFERENCE_SAVE_RECORDED count=153 persistence deliberately disabled
NATIVE_PREFERENCE_SAVE_RECORDED count=154 persistence deliberately disabled
NATIVE_PREFERENCE_SAVE_RECORDED count=155 persistence deliberately disabled
NATIVE_PREFERENCE_SAVE_RECORDED count=156 persistence deliberately disabled
NATIVE_PREFERENCE_SAVE_RECORDED count=157 persistence deliberately disabled
NATIVE_PREFERENCE_SAVE_RECORDED count=158 persistence deliberately disabled
NATIVE_PREFERENCE_SAVE_RECORDED count=159 persistence deliberately disabled
NATIVE_PREFERENCE_SAVE_RECORDED count=160 persistence deliberately disabled
NATIVE_PREFERENCE_SAVE_RECORDED count=161 persistence deliberately disabled
NATIVE_PREFERENCE_SAVE_RECORDED count=162 persistence deliberately disabled
NATIVE_PREFERENCE_SAVE_RECORDED count=163 persistence deliberately disabled
CAPTURE hud/family-magic 1920x1080 pixels=1430451
NATIVE_PREFERENCE_SAVE_RECORDED count=164 persistence deliberately disabled
NATIVE_PREFERENCE_SAVE_RECORDED count=165 persistence deliberately disabled
NATIVE_PREFERENCE_SAVE_RECORDED count=166 persistence deliberately disabled
NATIVE_PREFERENCE_SAVE_RECORDED count=167 persistence deliberately disabled
NATIVE_PREFERENCE_SAVE_RECORDED count=168 persistence deliberately disabled
NATIVE_PREFERENCE_SAVE_RECORDED count=169 persistence deliberately disabled
NATIVE_PREFERENCE_SAVE_RECORDED count=170 persistence deliberately disabled
NATIVE_PREFERENCE_SAVE_RECORDED count=171 persistence deliberately disabled
NATIVE_PREFERENCE_SAVE_RECORDED count=172 persistence deliberately disabled
CAPTURE hud/native-grouping 1920x1080 pixels=1431805
NATIVE_PREFERENCE_SAVE_RECORDED count=173 persistence deliberately disabled
NATIVE_PREFERENCE_SAVE_RECORDED count=174 persistence deliberately disabled
NATIVE_PREFERENCE_SAVE_RECORDED count=175 persistence deliberately disabled
NATIVE_PREFERENCE_SAVE_RECORDED count=176 persistence deliberately disabled
CAPTURE hud/native-friends 1920x1080 pixels=1430658
NATIVE_PREFERENCE_SAVE_RECORDED count=177 persistence deliberately disabled
NATIVE_PREFERENCE_SAVE_RECORDED count=178 persistence deliberately disabled
NATIVE_PREFERENCE_SAVE_RECORDED count=179 persistence deliberately disabled
NATIVE_PREFERENCE_SAVE_RECORDED count=180 persistence deliberately disabled
CAPTURE hud/native-account 1920x1080 pixels=1431048
NATIVE_PREFERENCE_SAVE_RECORDED count=181 persistence deliberately disabled
NATIVE_PREFERENCE_SAVE_RECORDED count=182 persistence deliberately disabled
NATIVE_PREFERENCE_SAVE_RECORDED count=183 persistence deliberately disabled
NATIVE_PREFERENCE_SAVE_RECORDED count=184 persistence deliberately disabled
CAPTURE hud/native-logout 1920x1080 pixels=1430845
NATIVE_PREFERENCE_SAVE_RECORDED count=185 persistence deliberately disabled
NATIVE_PREFERENCE_SAVE_RECORDED count=186 persistence deliberately disabled
NATIVE_PREFERENCE_SAVE_RECORDED count=187 persistence deliberately disabled
NATIVE_PREFERENCE_SAVE_RECORDED count=188 persistence deliberately disabled
CAPTURE hud/native-settings 1920x1080 pixels=1430429
NATIVE_PREFERENCE_SAVE_RECORDED count=189 persistence deliberately disabled
NATIVE_PREFERENCE_SAVE_RECORDED count=190 persistence deliberately disabled
NATIVE_PREFERENCE_SAVE_RECORDED count=191 persistence deliberately disabled
NATIVE_PREFERENCE_SAVE_RECORDED count=192 persistence deliberately disabled
CAPTURE hud/native-emotes 1920x1080 pixels=1431799
NATIVE_PREFERENCE_SAVE_RECORDED count=193 persistence deliberately disabled
NATIVE_PREFERENCE_SAVE_RECORDED count=194 persistence deliberately disabled
NATIVE_PREFERENCE_SAVE_RECORDED count=195 persistence deliberately disabled
NATIVE_PREFERENCE_SAVE_RECORDED count=196 persistence deliberately disabled
CAPTURE hud/native-music 1920x1080 pixels=1430070
NATIVE_PREFERENCE_SAVE_RECORDED count=197 persistence deliberately disabled
NATIVE_PREFERENCE_SAVE_RECORDED count=198 persistence deliberately disabled
NATIVE_PREFERENCE_SAVE_RECORDED count=199 persistence deliberately disabled
NATIVE_PREFERENCE_SAVE_RECORDED count=200 persistence deliberately disabled
NATIVE_PREFERENCE_SAVE_RECORDED count=201 persistence deliberately disabled
NATIVE_PREFERENCE_SAVE_RECORDED count=202 persistence deliberately disabled
NATIVE_PREFERENCE_SAVE_RECORDED count=203 persistence deliberately disabled
NATIVE_PREFERENCE_SAVE_RECORDED count=204 persistence deliberately disabled
CAPTURE hud/native-journal 1920x1080 pixels=1439364
NATIVE_PREFERENCE_SAVE_RECORDED count=205 persistence deliberately disabled
NATIVE_PREFERENCE_SAVE_RECORDED count=206 persistence deliberately disabled
NATIVE_PREFERENCE_SAVE_RECORDED count=207 persistence deliberately disabled
NATIVE_PREFERENCE_SAVE_RECORDED count=208 persistence deliberately disabled
NATIVE_PREFERENCE_SAVE_RECORDED count=209 persistence deliberately disabled
NATIVE_PREFERENCE_SAVE_RECORDED count=210 persistence deliberately disabled
NATIVE_PREFERENCE_SAVE_RECORDED count=211 persistence deliberately disabled
NATIVE_PREFERENCE_SAVE_RECORDED count=212 persistence deliberately disabled
CAPTURE hud/native-reward 1920x1080 pixels=1435122
NATIVE_PREFERENCE_SAVE_RECORDED count=213 persistence deliberately disabled
NATIVE_PREFERENCE_SAVE_RECORDED count=214 persistence deliberately disabled
NATIVE_PREFERENCE_SAVE_RECORDED count=215 persistence deliberately disabled
NATIVE_PREFERENCE_SAVE_RECORDED count=216 persistence deliberately disabled
NATIVE_PREFERENCE_SAVE_RECORDED count=217 persistence deliberately disabled
NATIVE_PREFERENCE_SAVE_RECORDED count=218 persistence deliberately disabled
NATIVE_PREFERENCE_SAVE_RECORDED count=219 persistence deliberately disabled
NATIVE_PREFERENCE_SAVE_RECORDED count=220 persistence deliberately disabled
CAPTURE hud/native-experience 1920x1080 pixels=1430822
NATIVE_PREFERENCE_SAVE_RECORDED count=221 persistence deliberately disabled
NATIVE_PREFERENCE_SAVE_RECORDED count=222 persistence deliberately disabled
NATIVE_PREFERENCE_SAVE_RECORDED count=223 persistence deliberately disabled
NATIVE_PREFERENCE_SAVE_RECORDED count=224 persistence deliberately disabled
NATIVE_PREFERENCE_SAVE_RECORDED count=225 persistence deliberately disabled
NATIVE_PREFERENCE_SAVE_RECORDED count=226 persistence deliberately disabled
NATIVE_PREFERENCE_SAVE_RECORDED count=227 persistence deliberately disabled
NATIVE_PREFERENCE_SAVE_RECORDED count=228 persistence deliberately disabled
CAPTURE hud/native-appearance 1920x1080 pixels=1442055
NATIVE_PREFERENCE_SAVE_RECORDED count=229 persistence deliberately disabled
NATIVE_PREFERENCE_SAVE_RECORDED count=230 persistence deliberately disabled
NATIVE_PREFERENCE_SAVE_RECORDED count=231 persistence deliberately disabled
NATIVE_PREFERENCE_SAVE_RECORDED count=232 persistence deliberately disabled
NATIVE_PREFERENCE_SAVE_RECORDED count=233 persistence deliberately disabled
NATIVE_PREFERENCE_SAVE_RECORDED count=234 persistence deliberately disabled
NATIVE_PREFERENCE_SAVE_RECORDED count=235 persistence deliberately disabled
NATIVE_PREFERENCE_SAVE_RECORDED count=236 persistence deliberately disabled
CAPTURE hud/native-equipment-stats 1920x1080 pixels=1444096
NATIVE_PREFERENCE_SAVE_RECORDED count=237 persistence deliberately disabled
NATIVE_PREFERENCE_SAVE_RECORDED count=238 persistence deliberately disabled
NATIVE_PREFERENCE_SAVE_RECORDED count=239 persistence deliberately disabled
NATIVE_PREFERENCE_SAVE_RECORDED count=240 persistence deliberately disabled
NATIVE_PREFERENCE_SAVE_RECORDED count=241 persistence deliberately disabled
NATIVE_PREFERENCE_SAVE_RECORDED count=242 persistence deliberately disabled
NATIVE_PREFERENCE_SAVE_RECORDED count=243 persistence deliberately disabled
NATIVE_PREFERENCE_SAVE_RECORDED count=244 persistence deliberately disabled
CAPTURE hud/native-kept-items 1920x1080 pixels=1444542
NATIVE_PREFERENCE_SAVE_RECORDED count=245 persistence deliberately disabled
NATIVE_PREFERENCE_SAVE_RECORDED count=246 persistence deliberately disabled
NATIVE_PREFERENCE_SAVE_RECORDED count=247 persistence deliberately disabled
NATIVE_PREFERENCE_SAVE_RECORDED count=248 persistence deliberately disabled
NATIVE_PREFERENCE_SAVE_RECORDED count=249 persistence deliberately disabled
NATIVE_PREFERENCE_SAVE_RECORDED count=250 persistence deliberately disabled
NATIVE_PREFERENCE_SAVE_RECORDED count=251 persistence deliberately disabled
NATIVE_PREFERENCE_SAVE_RECORDED count=252 persistence deliberately disabled
CAPTURE hud/native-grave 1920x1080 pixels=1438766
NATIVE_PREFERENCE_SAVE_RECORDED count=253 persistence deliberately disabled
NATIVE_PREFERENCE_SAVE_RECORDED count=254 persistence deliberately disabled
NATIVE_PREFERENCE_SAVE_RECORDED count=255 persistence deliberately disabled
NATIVE_PREFERENCE_SAVE_RECORDED count=256 persistence deliberately disabled
NATIVE_PREFERENCE_SAVE_RECORDED count=257 persistence deliberately disabled
NATIVE_PREFERENCE_SAVE_RECORDED count=258 persistence deliberately disabled
NATIVE_PREFERENCE_SAVE_RECORDED count=259 persistence deliberately disabled
NATIVE_PREFERENCE_SAVE_RECORDED count=260 persistence deliberately disabled
CAPTURE hud/native-recovery 1920x1080 pixels=1443273
NATIVE_PREFERENCE_SAVE_RECORDED count=261 persistence deliberately disabled
NATIVE_PREFERENCE_SAVE_RECORDED count=262 persistence deliberately disabled
NATIVE_PREFERENCE_SAVE_RECORDED count=263 persistence deliberately disabled
NATIVE_PREFERENCE_SAVE_RECORDED count=264 persistence deliberately disabled
NATIVE_PREFERENCE_SAVE_RECORDED count=265 persistence deliberately disabled
NATIVE_PREFERENCE_SAVE_RECORDED count=266 persistence deliberately disabled
NATIVE_PREFERENCE_SAVE_RECORDED count=267 persistence deliberately disabled
NATIVE_PREFERENCE_SAVE_RECORDED count=268 persistence deliberately disabled
CAPTURE hud/native-smithing 1920x1080 pixels=1444234
NATIVE_PREFERENCE_SAVE_RECORDED count=269 persistence deliberately disabled
NATIVE_PREFERENCE_SAVE_RECORDED count=270 persistence deliberately disabled
NATIVE_PREFERENCE_SAVE_RECORDED count=271 persistence deliberately disabled
NATIVE_PREFERENCE_SAVE_RECORDED count=272 persistence deliberately disabled
NATIVE_PREFERENCE_SAVE_RECORDED count=273 persistence deliberately disabled
NATIVE_PREFERENCE_SAVE_RECORDED count=274 persistence deliberately disabled
NATIVE_PREFERENCE_SAVE_RECORDED count=275 persistence deliberately disabled
NATIVE_PREFERENCE_SAVE_RECORDED count=276 persistence deliberately disabled
CAPTURE hud/native-production 1920x1080 pixels=1431805
NATIVE_PREFERENCE_SAVE_RECORDED count=277 persistence deliberately disabled
NATIVE_PREFERENCE_SAVE_RECORDED count=278 persistence deliberately disabled
NATIVE_PREFERENCE_SAVE_RECORDED count=279 persistence deliberately disabled
NATIVE_PREFERENCE_SAVE_RECORDED count=280 persistence deliberately disabled
NATIVE_PREFERENCE_SAVE_RECORDED count=281 persistence deliberately disabled
NATIVE_PREFERENCE_SAVE_RECORDED count=282 persistence deliberately disabled
NATIVE_PREFERENCE_SAVE_RECORDED count=283 persistence deliberately disabled
NATIVE_PREFERENCE_SAVE_RECORDED count=284 persistence deliberately disabled
CAPTURE hud/native-all-settings 1920x1080 pixels=1441020
NATIVE_PREFERENCE_SAVE_RECORDED count=285 persistence deliberately disabled
NATIVE_PREFERENCE_SAVE_RECORDED count=286 persistence deliberately disabled
NATIVE_PREFERENCE_SAVE_RECORDED count=287 persistence deliberately disabled
NATIVE_PREFERENCE_SAVE_RECORDED count=288 persistence deliberately disabled
NATIVE_WIDGET_GROUP 541 count=43
NATIVE_ONLOAD widget=35454976 script=[458, -2147483645, 35454983, 35454979, 35454984, 35454978, 35454980, 35455018, 35454982, 35455015]
NATIVE_ONLOAD widget=35454980 script=[5192, -2147483645, 26]
NATIVE_PREFERENCE_SAVE_RECORDED count=289 persistence deliberately disabled
NATIVE_PREFERENCE_SAVE_RECORDED count=290 persistence deliberately disabled
NATIVE_PREFERENCE_SAVE_RECORDED count=291 persistence deliberately disabled
NATIVE_PREFERENCE_SAVE_RECORDED count=292 persistence deliberately disabled
CAPTURE hud/native-prayer-active 1920x1080 pixels=1431712
NATIVE_WIDGET_GROUP 541 count=43
NATIVE_ONLOAD widget=35454976 script=[458, -2147483645, 35454983, 35454979, 35454984, 35454978, 35454980, 35455018, 35454982, 35455015]
NATIVE_ONLOAD widget=35454980 script=[5192, -2147483645, 26]
NATIVE_WIDGET_GROUP 218 count=211
NATIVE_ONLOAD widget=14286848 script=[2262, -2147483645, 14286849, 14286851, 14287049, 14286850, 14287051, 14287054, 14287055, 14287056, 14287057, 14287058]
NATIVE_ONLOAD widget=14287050 script=[834, -2147483645, 1]
NATIVE_ONLOAD widget=14287051 script=[991, -2147483645, 26]
NATIVE_PREFERENCE_SAVE_RECORDED count=293 persistence deliberately disabled
NATIVE_PREFERENCE_SAVE_RECORDED count=294 persistence deliberately disabled
NATIVE_PREFERENCE_SAVE_RECORDED count=295 persistence deliberately disabled
NATIVE_PREFERENCE_SAVE_RECORDED count=296 persistence deliberately disabled
CAPTURE hud/native-magic-missing-runes 1920x1080 pixels=1431752
NATIVE_WIDGET_GROUP 541 count=43
NATIVE_ONLOAD widget=35454976 script=[458, -2147483645, 35454983, 35454979, 35454984, 35454978, 35454980, 35455018, 35454982, 35455015]
NATIVE_ONLOAD widget=35454980 script=[5192, -2147483645, 26]
NATIVE_PREFERENCE_SAVE_RECORDED count=297 persistence deliberately disabled
NATIVE_PREFERENCE_SAVE_RECORDED count=298 persistence deliberately disabled
NATIVE_PREFERENCE_SAVE_RECORDED count=299 persistence deliberately disabled
NATIVE_PREFERENCE_SAVE_RECORDED count=300 persistence deliberately disabled
CAPTURE hud/native-prayer-filter-ready 1920x1080 pixels=1431712
CAPTURE hud/native-prayer-filters 1920x1080 pixels=1429947
NATIVE_WIDGET_GROUP 541 count=43
NATIVE_ONLOAD widget=35454976 script=[458, -2147483645, 35454983, 35454979, 35454984, 35454978, 35454980, 35455018, 35454982, 35455015]
NATIVE_ONLOAD widget=35454980 script=[5192, -2147483645, 26]
NATIVE_PREFERENCE_SAVE_RECORDED count=301 persistence deliberately disabled
NATIVE_PREFERENCE_SAVE_RECORDED count=302 persistence deliberately disabled
NATIVE_PREFERENCE_SAVE_RECORDED count=303 persistence deliberately disabled
NATIVE_PREFERENCE_SAVE_RECORDED count=304 persistence deliberately disabled
CAPTURE hud/native-prayer-mask-0 1920x1080 pixels=1431712
CAPTURE hud/native-prayer-mask-0-filters 1920x1080 pixels=1429947
NATIVE_WIDGET_GROUP 541 count=43
NATIVE_ONLOAD widget=35454976 script=[458, -2147483645, 35454983, 35454979, 35454984, 35454978, 35454980, 35455018, 35454982, 35455015]
NATIVE_ONLOAD widget=35454980 script=[5192, -2147483645, 26]
NATIVE_PREFERENCE_SAVE_RECORDED count=305 persistence deliberately disabled
NATIVE_PREFERENCE_SAVE_RECORDED count=306 persistence deliberately disabled
NATIVE_PREFERENCE_SAVE_RECORDED count=307 persistence deliberately disabled
NATIVE_PREFERENCE_SAVE_RECORDED count=308 persistence deliberately disabled
CAPTURE hud/native-prayer-mask-1 1920x1080 pixels=1431712
CAPTURE hud/native-prayer-mask-1-filters 1920x1080 pixels=1429947
NATIVE_WIDGET_GROUP 541 count=43
NATIVE_ONLOAD widget=35454976 script=[458, -2147483645, 35454983, 35454979, 35454984, 35454978, 35454980, 35455018, 35454982, 35455015]
NATIVE_ONLOAD widget=35454980 script=[5192, -2147483645, 26]
NATIVE_PREFERENCE_SAVE_RECORDED count=309 persistence deliberately disabled
NATIVE_PREFERENCE_SAVE_RECORDED count=310 persistence deliberately disabled
NATIVE_PREFERENCE_SAVE_RECORDED count=311 persistence deliberately disabled
NATIVE_PREFERENCE_SAVE_RECORDED count=312 persistence deliberately disabled
CAPTURE hud/native-prayer-mask-2 1920x1080 pixels=1431712
CAPTURE hud/native-prayer-mask-2-filters 1920x1080 pixels=1429947
NATIVE_WIDGET_GROUP 541 count=43
NATIVE_ONLOAD widget=35454976 script=[458, -2147483645, 35454983, 35454979, 35454984, 35454978, 35454980, 35455018, 35454982, 35455015]
NATIVE_ONLOAD widget=35454980 script=[5192, -2147483645, 26]
NATIVE_PREFERENCE_SAVE_RECORDED count=313 persistence deliberately disabled
NATIVE_PREFERENCE_SAVE_RECORDED count=314 persistence deliberately disabled
NATIVE_PREFERENCE_SAVE_RECORDED count=315 persistence deliberately disabled
NATIVE_PREFERENCE_SAVE_RECORDED count=316 persistence deliberately disabled
CAPTURE hud/native-prayer-mask-4 1920x1080 pixels=1431712
CAPTURE hud/native-prayer-mask-4-filters 1920x1080 pixels=1429947
NATIVE_WIDGET_GROUP 541 count=43
NATIVE_ONLOAD widget=35454976 script=[458, -2147483645, 35454983, 35454979, 35454984, 35454978, 35454980, 35455018, 35454982, 35455015]
NATIVE_ONLOAD widget=35454980 script=[5192, -2147483645, 26]
NATIVE_PREFERENCE_SAVE_RECORDED count=317 persistence deliberately disabled
NATIVE_PREFERENCE_SAVE_RECORDED count=318 persistence deliberately disabled
NATIVE_PREFERENCE_SAVE_RECORDED count=319 persistence deliberately disabled
NATIVE_PREFERENCE_SAVE_RECORDED count=320 persistence deliberately disabled
CAPTURE hud/native-prayer-mask-8 1920x1080 pixels=1431712
CAPTURE hud/native-prayer-mask-8-filters 1920x1080 pixels=1429947
NATIVE_WIDGET_GROUP 541 count=43
NATIVE_ONLOAD widget=35454976 script=[458, -2147483645, 35454983, 35454979, 35454984, 35454978, 35454980, 35455018, 35454982, 35455015]
NATIVE_ONLOAD widget=35454980 script=[5192, -2147483645, 26]
NATIVE_PREFERENCE_SAVE_RECORDED count=321 persistence deliberately disabled
NATIVE_PREFERENCE_SAVE_RECORDED count=322 persistence deliberately disabled
NATIVE_PREFERENCE_SAVE_RECORDED count=323 persistence deliberately disabled
NATIVE_PREFERENCE_SAVE_RECORDED count=324 persistence deliberately disabled
CAPTURE hud/native-prayer-mask-16 1920x1080 pixels=1431712
CAPTURE hud/native-prayer-mask-16-filters 1920x1080 pixels=1429947
NATIVE_WIDGET_GROUP 541 count=43
NATIVE_ONLOAD widget=35454976 script=[458, -2147483645, 35454983, 35454979, 35454984, 35454978, 35454980, 35455018, 35454982, 35455015]
NATIVE_ONLOAD widget=35454980 script=[5192, -2147483645, 26]
NATIVE_PREFERENCE_SAVE_RECORDED count=325 persistence deliberately disabled
NATIVE_PREFERENCE_SAVE_RECORDED count=326 persistence deliberately disabled
NATIVE_PREFERENCE_SAVE_RECORDED count=327 persistence deliberately disabled
NATIVE_PREFERENCE_SAVE_RECORDED count=328 persistence deliberately disabled
CAPTURE hud/native-prayer-mask-31 1920x1080 pixels=1431712
CAPTURE hud/native-prayer-mask-31-filters 1920x1080 pixels=1429947
NATIVE_WIDGET_GROUP 541 count=43
NATIVE_ONLOAD widget=35454976 script=[458, -2147483645, 35454983, 35454979, 35454984, 35454978, 35454980, 35455018, 35454982, 35455015]
NATIVE_ONLOAD widget=35454980 script=[5192, -2147483645, 26]
NATIVE_WIDGET_GROUP 218 count=211
NATIVE_ONLOAD widget=14286848 script=[2262, -2147483645, 14286849, 14286851, 14287049, 14286850, 14287051, 14287054, 14287055, 14287056, 14287057, 14287058]
NATIVE_ONLOAD widget=14287050 script=[834, -2147483645, 1]
NATIVE_ONLOAD widget=14287051 script=[991, -2147483645, 26]
NATIVE_PREFERENCE_SAVE_RECORDED count=329 persistence deliberately disabled
NATIVE_PREFERENCE_SAVE_RECORDED count=330 persistence deliberately disabled
NATIVE_PREFERENCE_SAVE_RECORDED count=331 persistence deliberately disabled
NATIVE_PREFERENCE_SAVE_RECORDED count=332 persistence deliberately disabled
CAPTURE hud/native-magic-filter-ready 1920x1080 pixels=1431752
CAPTURE hud/native-magic-filters 1920x1080 pixels=1429946
NATIVE_WIDGET_GROUP 218 count=211
NATIVE_ONLOAD widget=14286848 script=[2262, -2147483645, 14286849, 14286851, 14287049, 14286850, 14287051, 14287054, 14287055, 14287056, 14287057, 14287058]
NATIVE_ONLOAD widget=14287050 script=[834, -2147483645, 1]
NATIVE_ONLOAD widget=14287051 script=[991, -2147483645, 26]
NATIVE_PREFERENCE_SAVE_RECORDED count=333 persistence deliberately disabled
NATIVE_PREFERENCE_SAVE_RECORDED count=334 persistence deliberately disabled
NATIVE_PREFERENCE_SAVE_RECORDED count=335 persistence deliberately disabled
NATIVE_PREFERENCE_SAVE_RECORDED count=336 persistence deliberately disabled
CAPTURE hud/native-magic-mask-0 1920x1080 pixels=1431752
CAPTURE hud/native-magic-mask-0-filters 1920x1080 pixels=1429946
NATIVE_WIDGET_GROUP 218 count=211
NATIVE_ONLOAD widget=14286848 script=[2262, -2147483645, 14286849, 14286851, 14287049, 14286850, 14287051, 14287054, 14287055, 14287056, 14287057, 14287058]
NATIVE_ONLOAD widget=14287050 script=[834, -2147483645, 1]
NATIVE_ONLOAD widget=14287051 script=[991, -2147483645, 26]
NATIVE_PREFERENCE_SAVE_RECORDED count=337 persistence deliberately disabled
NATIVE_PREFERENCE_SAVE_RECORDED count=338 persistence deliberately disabled
NATIVE_PREFERENCE_SAVE_RECORDED count=339 persistence deliberately disabled
NATIVE_PREFERENCE_SAVE_RECORDED count=340 persistence deliberately disabled
CAPTURE hud/native-magic-mask-1 1920x1080 pixels=1431752
CAPTURE hud/native-magic-mask-1-filters 1920x1080 pixels=1429946
NATIVE_WIDGET_GROUP 218 count=211
NATIVE_ONLOAD widget=14286848 script=[2262, -2147483645, 14286849, 14286851, 14287049, 14286850, 14287051, 14287054, 14287055, 14287056, 14287057, 14287058]
NATIVE_ONLOAD widget=14287050 script=[834, -2147483645, 1]
NATIVE_ONLOAD widget=14287051 script=[991, -2147483645, 26]
NATIVE_PREFERENCE_SAVE_RECORDED count=341 persistence deliberately disabled
NATIVE_PREFERENCE_SAVE_RECORDED count=342 persistence deliberately disabled
NATIVE_PREFERENCE_SAVE_RECORDED count=343 persistence deliberately disabled
NATIVE_PREFERENCE_SAVE_RECORDED count=344 persistence deliberately disabled
CAPTURE hud/native-magic-mask-2 1920x1080 pixels=1431752
CAPTURE hud/native-magic-mask-2-filters 1920x1080 pixels=1429946
NATIVE_WIDGET_GROUP 218 count=211
NATIVE_ONLOAD widget=14286848 script=[2262, -2147483645, 14286849, 14286851, 14287049, 14286850, 14287051, 14287054, 14287055, 14287056, 14287057, 14287058]
NATIVE_ONLOAD widget=14287050 script=[834, -2147483645, 1]
NATIVE_ONLOAD widget=14287051 script=[991, -2147483645, 26]
NATIVE_PREFERENCE_SAVE_RECORDED count=345 persistence deliberately disabled
NATIVE_PREFERENCE_SAVE_RECORDED count=346 persistence deliberately disabled
NATIVE_PREFERENCE_SAVE_RECORDED count=347 persistence deliberately disabled
NATIVE_PREFERENCE_SAVE_RECORDED count=348 persistence deliberately disabled
CAPTURE hud/native-magic-mask-4 1920x1080 pixels=1431752
CAPTURE hud/native-magic-mask-4-filters 1920x1080 pixels=1429946
NATIVE_WIDGET_GROUP 218 count=211
NATIVE_ONLOAD widget=14286848 script=[2262, -2147483645, 14286849, 14286851, 14287049, 14286850, 14287051, 14287054, 14287055, 14287056, 14287057, 14287058]
NATIVE_ONLOAD widget=14287050 script=[834, -2147483645, 1]
NATIVE_ONLOAD widget=14287051 script=[991, -2147483645, 26]
NATIVE_PREFERENCE_SAVE_RECORDED count=349 persistence deliberately disabled
NATIVE_PREFERENCE_SAVE_RECORDED count=350 persistence deliberately disabled
NATIVE_PREFERENCE_SAVE_RECORDED count=351 persistence deliberately disabled
NATIVE_PREFERENCE_SAVE_RECORDED count=352 persistence deliberately disabled
CAPTURE hud/native-magic-mask-8 1920x1080 pixels=1431752
CAPTURE hud/native-magic-mask-8-filters 1920x1080 pixels=1429946
NATIVE_WIDGET_GROUP 218 count=211
NATIVE_ONLOAD widget=14286848 script=[2262, -2147483645, 14286849, 14286851, 14287049, 14286850, 14287051, 14287054, 14287055, 14287056, 14287057, 14287058]
NATIVE_ONLOAD widget=14287050 script=[834, -2147483645, 1]
NATIVE_ONLOAD widget=14287051 script=[991, -2147483645, 26]
NATIVE_PREFERENCE_SAVE_RECORDED count=353 persistence deliberately disabled
NATIVE_PREFERENCE_SAVE_RECORDED count=354 persistence deliberately disabled
NATIVE_PREFERENCE_SAVE_RECORDED count=355 persistence deliberately disabled
NATIVE_PREFERENCE_SAVE_RECORDED count=356 persistence deliberately disabled
CAPTURE hud/native-magic-mask-16 1920x1080 pixels=1431752
CAPTURE hud/native-magic-mask-16-filters 1920x1080 pixels=1429946
NATIVE_WIDGET_GROUP 218 count=211
NATIVE_ONLOAD widget=14286848 script=[2262, -2147483645, 14286849, 14286851, 14287049, 14286850, 14287051, 14287054, 14287055, 14287056, 14287057, 14287058]
NATIVE_ONLOAD widget=14287050 script=[834, -2147483645, 1]
NATIVE_ONLOAD widget=14287051 script=[991, -2147483645, 26]
NATIVE_PREFERENCE_SAVE_RECORDED count=357 persistence deliberately disabled
NATIVE_PREFERENCE_SAVE_RECORDED count=358 persistence deliberately disabled
NATIVE_PREFERENCE_SAVE_RECORDED count=359 persistence deliberately disabled
NATIVE_PREFERENCE_SAVE_RECORDED count=360 persistence deliberately disabled
CAPTURE hud/native-magic-mask-32 1920x1080 pixels=1431752
CAPTURE hud/native-magic-mask-32-filters 1920x1080 pixels=1429946
NATIVE_WIDGET_GROUP 218 count=211
NATIVE_ONLOAD widget=14286848 script=[2262, -2147483645, 14286849, 14286851, 14287049, 14286850, 14287051, 14287054, 14287055, 14287056, 14287057, 14287058]
NATIVE_ONLOAD widget=14287050 script=[834, -2147483645, 1]
NATIVE_ONLOAD widget=14287051 script=[991, -2147483645, 26]
NATIVE_PREFERENCE_SAVE_RECORDED count=361 persistence deliberately disabled
NATIVE_PREFERENCE_SAVE_RECORDED count=362 persistence deliberately disabled
NATIVE_PREFERENCE_SAVE_RECORDED count=363 persistence deliberately disabled
NATIVE_PREFERENCE_SAVE_RECORDED count=364 persistence deliberately disabled
CAPTURE hud/native-magic-mask-64 1920x1080 pixels=1431752
CAPTURE hud/native-magic-mask-64-filters 1920x1080 pixels=1429946
NATIVE_WIDGET_GROUP 218 count=211
NATIVE_ONLOAD widget=14286848 script=[2262, -2147483645, 14286849, 14286851, 14287049, 14286850, 14287051, 14287054, 14287055, 14287056, 14287057, 14287058]
NATIVE_ONLOAD widget=14287050 script=[834, -2147483645, 1]
NATIVE_ONLOAD widget=14287051 script=[991, -2147483645, 26]
NATIVE_PREFERENCE_SAVE_RECORDED count=365 persistence deliberately disabled
NATIVE_PREFERENCE_SAVE_RECORDED count=366 persistence deliberately disabled
NATIVE_PREFERENCE_SAVE_RECORDED count=367 persistence deliberately disabled
NATIVE_PREFERENCE_SAVE_RECORDED count=368 persistence deliberately disabled
CAPTURE hud/native-magic-mask-127 1920x1080 pixels=1431364
CAPTURE hud/native-magic-mask-127-filters 1920x1080 pixels=1429946
NATIVE_WIDGET_GROUP 218 count=211
NATIVE_ONLOAD widget=14286848 script=[2262, -2147483645, 14286849, 14286851, 14287049, 14286850, 14287051, 14287054, 14287055, 14287056, 14287057, 14287058]
NATIVE_ONLOAD widget=14287050 script=[834, -2147483645, 1]
NATIVE_ONLOAD widget=14287051 script=[991, -2147483645, 26]
NATIVE_PREFERENCE_SAVE_RECORDED count=369 persistence deliberately disabled
NATIVE_PREFERENCE_SAVE_RECORDED count=370 persistence deliberately disabled
NATIVE_PREFERENCE_SAVE_RECORDED count=371 persistence deliberately disabled
NATIVE_PREFERENCE_SAVE_RECORDED count=372 persistence deliberately disabled
CAPTURE hud/native-magic-mask-72 1920x1080 pixels=1431752
CAPTURE hud/native-magic-mask-72-filters 1920x1080 pixels=1429946
NATIVE_WIDGET_GROUP 218 count=211
NATIVE_ONLOAD widget=14286848 script=[2262, -2147483645, 14286849, 14286851, 14287049, 14286850, 14287051, 14287054, 14287055, 14287056, 14287057, 14287058]
NATIVE_ONLOAD widget=14287050 script=[834, -2147483645, 1]
NATIVE_ONLOAD widget=14287051 script=[991, -2147483645, 26]
NATIVE_PREFERENCE_SAVE_RECORDED count=373 persistence deliberately disabled
NATIVE_PREFERENCE_SAVE_RECORDED count=374 persistence deliberately disabled
NATIVE_PREFERENCE_SAVE_RECORDED count=375 persistence deliberately disabled
NATIVE_PREFERENCE_SAVE_RECORDED count=376 persistence deliberately disabled
CAPTURE hud/native-magic-mask-88 1920x1080 pixels=1431752
CAPTURE hud/native-magic-mask-88-filters 1920x1080 pixels=1429946
NATIVE_WIDGET_GROUP 218 count=211
NATIVE_ONLOAD widget=14286848 script=[2262, -2147483645, 14286849, 14286851, 14287049, 14286850, 14287051, 14287054, 14287055, 14287056, 14287057, 14287058]
NATIVE_ONLOAD widget=14287050 script=[834, -2147483645, 1]
NATIVE_ONLOAD widget=14287051 script=[991, -2147483645, 26]
NATIVE_PREFERENCE_SAVE_RECORDED count=377 persistence deliberately disabled
NATIVE_PREFERENCE_SAVE_RECORDED count=378 persistence deliberately disabled
NATIVE_PREFERENCE_SAVE_RECORDED count=379 persistence deliberately disabled
NATIVE_PREFERENCE_SAVE_RECORDED count=380 persistence deliberately disabled
NATIVE_PREFERENCE_SAVE_RECORDED count=381 persistence deliberately disabled
NATIVE_PREFERENCE_SAVE_RECORDED count=382 persistence deliberately disabled
NATIVE_PREFERENCE_SAVE_RECORDED count=383 persistence deliberately disabled
NATIVE_PREFERENCE_SAVE_RECORDED count=384 persistence deliberately disabled
CAPTURE hud/native-retrieval-602-34-0-0 1920x1080 pixels=1439089
NATIVE_PREFERENCE_SAVE_RECORDED count=385 persistence deliberately disabled
NATIVE_PREFERENCE_SAVE_RECORDED count=386 persistence deliberately disabled
NATIVE_PREFERENCE_SAVE_RECORDED count=387 persistence deliberately disabled
NATIVE_PREFERENCE_SAVE_RECORDED count=388 persistence deliberately disabled
NATIVE_PREFERENCE_SAVE_RECORDED count=389 persistence deliberately disabled
NATIVE_PREFERENCE_SAVE_RECORDED count=390 persistence deliberately disabled
NATIVE_PREFERENCE_SAVE_RECORDED count=391 persistence deliberately disabled
NATIVE_PREFERENCE_SAVE_RECORDED count=392 persistence deliberately disabled
CAPTURE hud/native-retrieval-602-35-0-1 1920x1080 pixels=1439089
NATIVE_PREFERENCE_SAVE_RECORDED count=393 persistence deliberately disabled
NATIVE_PREFERENCE_SAVE_RECORDED count=394 persistence deliberately disabled
NATIVE_PREFERENCE_SAVE_RECORDED count=395 persistence deliberately disabled
NATIVE_PREFERENCE_SAVE_RECORDED count=396 persistence deliberately disabled
NATIVE_PREFERENCE_SAVE_RECORDED count=397 persistence deliberately disabled
NATIVE_PREFERENCE_SAVE_RECORDED count=398 persistence deliberately disabled
NATIVE_PREFERENCE_SAVE_RECORDED count=399 persistence deliberately disabled
NATIVE_PREFERENCE_SAVE_RECORDED count=400 persistence deliberately disabled
CAPTURE hud/native-retrieval-669-12345--1-0 1920x1080 pixels=1443207
NATIVE_PREFERENCE_SAVE_RECORDED count=401 persistence deliberately disabled
NATIVE_PREFERENCE_SAVE_RECORDED count=402 persistence deliberately disabled
NATIVE_PREFERENCE_SAVE_RECORDED count=403 persistence deliberately disabled
NATIVE_PREFERENCE_SAVE_RECORDED count=404 persistence deliberately disabled
NATIVE_PREFERENCE_SAVE_RECORDED count=405 persistence deliberately disabled
NATIVE_PREFERENCE_SAVE_RECORDED count=406 persistence deliberately disabled
NATIVE_PREFERENCE_SAVE_RECORDED count=407 persistence deliberately disabled
NATIVE_PREFERENCE_SAVE_RECORDED count=408 persistence deliberately disabled
CAPTURE hud/native-retrieval-669-12345-0-42 1920x1080 pixels=1443203
NATIVE_PREFERENCE_SAVE_RECORDED count=409 persistence deliberately disabled
NATIVE_PREFERENCE_SAVE_RECORDED count=410 persistence deliberately disabled
NATIVE_PREFERENCE_SAVE_RECORDED count=411 persistence deliberately disabled
NATIVE_PREFERENCE_SAVE_RECORDED count=412 persistence deliberately disabled
NATIVE_PREFERENCE_SAVE_RECORDED count=413 persistence deliberately disabled
NATIVE_PREFERENCE_SAVE_RECORDED count=414 persistence deliberately disabled
NATIVE_PREFERENCE_SAVE_RECORDED count=415 persistence deliberately disabled
NATIVE_PREFERENCE_SAVE_RECORDED count=416 persistence deliberately disabled
CAPTURE hud/native-retrieval-669-12345-7-42 1920x1080 pixels=1443117
NATIVE_PREFERENCE_SAVE_RECORDED count=417 persistence deliberately disabled
NATIVE_PREFERENCE_SAVE_RECORDED count=418 persistence deliberately disabled
NATIVE_PREFERENCE_SAVE_RECORDED count=419 persistence deliberately disabled
NATIVE_PREFERENCE_SAVE_RECORDED count=420 persistence deliberately disabled
NATIVE_PREFERENCE_SAVE_RECORDED count=421 persistence deliberately disabled
NATIVE_PREFERENCE_SAVE_RECORDED count=422 persistence deliberately disabled
NATIVE_PREFERENCE_SAVE_RECORDED count=423 persistence deliberately disabled
NATIVE_PREFERENCE_SAVE_RECORDED count=424 persistence deliberately disabled
CAPTURE hud/native-retrieval-669-0-7-1 1920x1080 pixels=1443230
NATIVE_PREFERENCE_SAVE_RECORDED count=425 persistence deliberately disabled
NATIVE_PREFERENCE_SAVE_RECORDED count=426 persistence deliberately disabled
NATIVE_PREFERENCE_SAVE_RECORDED count=427 persistence deliberately disabled
NATIVE_PREFERENCE_SAVE_RECORDED count=428 persistence deliberately disabled
NATIVE_PREFERENCE_SAVE_RECORDED count=429 persistence deliberately disabled
NATIVE_PREFERENCE_SAVE_RECORDED count=430 persistence deliberately disabled
NATIVE_PREFERENCE_SAVE_RECORDED count=431 persistence deliberately disabled
NATIVE_PREFERENCE_SAVE_RECORDED count=432 persistence deliberately disabled
CAPTURE hud/native-retrieval-long-602 1920x1080 pixels=1439089
CAPTURE hud/native-retrieval-scroll-602 1920x1080 pixels=1439089
NATIVE_PREFERENCE_SAVE_RECORDED count=433 persistence deliberately disabled
NATIVE_PREFERENCE_SAVE_RECORDED count=434 persistence deliberately disabled
NATIVE_PREFERENCE_SAVE_RECORDED count=435 persistence deliberately disabled
NATIVE_PREFERENCE_SAVE_RECORDED count=436 persistence deliberately disabled
NATIVE_PREFERENCE_SAVE_RECORDED count=437 persistence deliberately disabled
NATIVE_PREFERENCE_SAVE_RECORDED count=438 persistence deliberately disabled
NATIVE_PREFERENCE_SAVE_RECORDED count=439 persistence deliberately disabled
NATIVE_PREFERENCE_SAVE_RECORDED count=440 persistence deliberately disabled
CAPTURE hud/native-retrieval-long-669 1920x1080 pixels=1443083
CAPTURE hud/native-retrieval-scroll-669 1920x1080 pixels=1443083
NATIVE_PREFERENCE_SAVE_RECORDED count=441 persistence deliberately disabled
NATIVE_PREFERENCE_SAVE_RECORDED count=442 persistence deliberately disabled
NATIVE_PREFERENCE_SAVE_RECORDED count=443 persistence deliberately disabled
NATIVE_PREFERENCE_SAVE_RECORDED count=444 persistence deliberately disabled
NATIVE_PREFERENCE_SAVE_RECORDED count=445 persistence deliberately disabled
NATIVE_PREFERENCE_SAVE_RECORDED count=446 persistence deliberately disabled
NATIVE_PREFERENCE_SAVE_RECORDED count=447 persistence deliberately disabled
NATIVE_PREFERENCE_SAVE_RECORDED count=448 persistence deliberately disabled
NATIVE_PREFERENCE_SAVE_RECORDED count=449 persistence deliberately disabled
NATIVE_PREFERENCE_SAVE_RECORDED count=450 persistence deliberately disabled
NATIVE_PREFERENCE_SAVE_RECORDED count=451 persistence deliberately disabled
NATIVE_PREFERENCE_SAVE_RECORDED count=452 persistence deliberately disabled
CAPTURE hud/native-production-choice-1 1920x1080 pixels=1431941
NATIVE_PREFERENCE_SAVE_RECORDED count=453 persistence deliberately disabled
NATIVE_PREFERENCE_SAVE_RECORDED count=454 persistence deliberately disabled
NATIVE_PREFERENCE_SAVE_RECORDED count=455 persistence deliberately disabled
NATIVE_PREFERENCE_SAVE_RECORDED count=456 persistence deliberately disabled
NATIVE_PREFERENCE_SAVE_RECORDED count=457 persistence deliberately disabled
NATIVE_PREFERENCE_SAVE_RECORDED count=458 persistence deliberately disabled
NATIVE_PREFERENCE_SAVE_RECORDED count=459 persistence deliberately disabled
NATIVE_PREFERENCE_SAVE_RECORDED count=460 persistence deliberately disabled
NATIVE_PREFERENCE_SAVE_RECORDED count=461 persistence deliberately disabled
NATIVE_PREFERENCE_SAVE_RECORDED count=462 persistence deliberately disabled
NATIVE_PREFERENCE_SAVE_RECORDED count=463 persistence deliberately disabled
NATIVE_PREFERENCE_SAVE_RECORDED count=464 persistence deliberately disabled
NATIVE_PREFERENCE_SAVE_RECORDED count=465 persistence deliberately disabled
NATIVE_PREFERENCE_SAVE_RECORDED count=466 persistence deliberately disabled
NATIVE_PREFERENCE_SAVE_RECORDED count=467 persistence deliberately disabled
NATIVE_PREFERENCE_SAVE_RECORDED count=468 persistence deliberately disabled
NATIVE_PREFERENCE_SAVE_RECORDED count=469 persistence deliberately disabled
NATIVE_PREFERENCE_SAVE_RECORDED count=470 persistence deliberately disabled
NATIVE_PREFERENCE_SAVE_RECORDED count=471 persistence deliberately disabled
NATIVE_PREFERENCE_SAVE_RECORDED count=472 persistence deliberately disabled
NATIVE_PREFERENCE_SAVE_RECORDED count=473 persistence deliberately disabled
NATIVE_PREFERENCE_SAVE_RECORDED count=474 persistence deliberately disabled
NATIVE_PREFERENCE_SAVE_RECORDED count=475 persistence deliberately disabled
NATIVE_PREFERENCE_SAVE_RECORDED count=476 persistence deliberately disabled
NATIVE_PREFERENCE_SAVE_RECORDED count=477 persistence deliberately disabled
NATIVE_PREFERENCE_SAVE_RECORDED count=478 persistence deliberately disabled
NATIVE_PREFERENCE_SAVE_RECORDED count=479 persistence deliberately disabled
NATIVE_PREFERENCE_SAVE_RECORDED count=480 persistence deliberately disabled
NATIVE_PREFERENCE_SAVE_RECORDED count=481 persistence deliberately disabled
NATIVE_PREFERENCE_SAVE_RECORDED count=482 persistence deliberately disabled
NATIVE_PREFERENCE_SAVE_RECORDED count=483 persistence deliberately disabled
NATIVE_PREFERENCE_SAVE_RECORDED count=484 persistence deliberately disabled
NATIVE_PREFERENCE_SAVE_RECORDED count=485 persistence deliberately disabled
NATIVE_PREFERENCE_SAVE_RECORDED count=486 persistence deliberately disabled
NATIVE_PREFERENCE_SAVE_RECORDED count=487 persistence deliberately disabled
NATIVE_PREFERENCE_SAVE_RECORDED count=488 persistence deliberately disabled
CAPTURE hud/native-production-choice-2 1920x1080 pixels=1431941
CAPTURE hud/native-production-hover 1920x1080 pixels=1431941
NATIVE_PREFERENCE_SAVE_RECORDED count=489 persistence deliberately disabled
NATIVE_PREFERENCE_SAVE_RECORDED count=490 persistence deliberately disabled
NATIVE_PREFERENCE_SAVE_RECORDED count=491 persistence deliberately disabled
NATIVE_PREFERENCE_SAVE_RECORDED count=492 persistence deliberately disabled
CAPTURE hud/native-production-amount-5 1920x1080 pixels=1431941
NATIVE_PREFERENCE_SAVE_RECORDED count=493 persistence deliberately disabled
NATIVE_PREFERENCE_SAVE_RECORDED count=494 persistence deliberately disabled
NATIVE_PREFERENCE_SAVE_RECORDED count=495 persistence deliberately disabled
NATIVE_PREFERENCE_SAVE_RECORDED count=496 persistence deliberately disabled
NATIVE_PREFERENCE_SAVE_RECORDED count=497 persistence deliberately disabled
NATIVE_PREFERENCE_SAVE_RECORDED count=498 persistence deliberately disabled
NATIVE_PREFERENCE_SAVE_RECORDED count=499 persistence deliberately disabled
NATIVE_PREFERENCE_SAVE_RECORDED count=500 persistence deliberately disabled
NATIVE_PREFERENCE_SAVE_RECORDED count=501 persistence deliberately disabled
NATIVE_PREFERENCE_SAVE_RECORDED count=502 persistence deliberately disabled
NATIVE_PREFERENCE_SAVE_RECORDED count=503 persistence deliberately disabled
NATIVE_PREFERENCE_SAVE_RECORDED count=504 persistence deliberately disabled
NATIVE_PREFERENCE_SAVE_RECORDED count=505 persistence deliberately disabled
NATIVE_PREFERENCE_SAVE_RECORDED count=506 persistence deliberately disabled
NATIVE_PREFERENCE_SAVE_RECORDED count=507 persistence deliberately disabled
NATIVE_PREFERENCE_SAVE_RECORDED count=508 persistence deliberately disabled
NATIVE_PREFERENCE_SAVE_RECORDED count=509 persistence deliberately disabled
NATIVE_PREFERENCE_SAVE_RECORDED count=510 persistence deliberately disabled
NATIVE_PREFERENCE_SAVE_RECORDED count=511 persistence deliberately disabled
NATIVE_PREFERENCE_SAVE_RECORDED count=512 persistence deliberately disabled
NATIVE_PREFERENCE_SAVE_RECORDED count=513 persistence deliberately disabled
NATIVE_PREFERENCE_SAVE_RECORDED count=514 persistence deliberately disabled
NATIVE_PREFERENCE_SAVE_RECORDED count=515 persistence deliberately disabled
NATIVE_PREFERENCE_SAVE_RECORDED count=516 persistence deliberately disabled
NATIVE_PREFERENCE_SAVE_RECORDED count=517 persistence deliberately disabled
NATIVE_PREFERENCE_SAVE_RECORDED count=518 persistence deliberately disabled
NATIVE_PREFERENCE_SAVE_RECORDED count=519 persistence deliberately disabled
NATIVE_PREFERENCE_SAVE_RECORDED count=520 persistence deliberately disabled
NATIVE_PREFERENCE_SAVE_RECORDED count=521 persistence deliberately disabled
NATIVE_PREFERENCE_SAVE_RECORDED count=522 persistence deliberately disabled
NATIVE_PREFERENCE_SAVE_RECORDED count=523 persistence deliberately disabled
NATIVE_PREFERENCE_SAVE_RECORDED count=524 persistence deliberately disabled
NATIVE_PREFERENCE_SAVE_RECORDED count=525 persistence deliberately disabled
NATIVE_PREFERENCE_SAVE_RECORDED count=526 persistence deliberately disabled
NATIVE_PREFERENCE_SAVE_RECORDED count=527 persistence deliberately disabled
NATIVE_PREFERENCE_SAVE_RECORDED count=528 persistence deliberately disabled
CAPTURE hud/native-production-choice-3 1920x1080 pixels=1431941
NATIVE_PREFERENCE_SAVE_RECORDED count=529 persistence deliberately disabled
NATIVE_PREFERENCE_SAVE_RECORDED count=530 persistence deliberately disabled
NATIVE_PREFERENCE_SAVE_RECORDED count=531 persistence deliberately disabled
NATIVE_PREFERENCE_SAVE_RECORDED count=532 persistence deliberately disabled
NATIVE_PREFERENCE_SAVE_RECORDED count=533 persistence deliberately disabled
NATIVE_PREFERENCE_SAVE_RECORDED count=534 persistence deliberately disabled
NATIVE_PREFERENCE_SAVE_RECORDED count=535 persistence deliberately disabled
NATIVE_PREFERENCE_SAVE_RECORDED count=536 persistence deliberately disabled
NATIVE_PREFERENCE_SAVE_RECORDED count=537 persistence deliberately disabled
NATIVE_PREFERENCE_SAVE_RECORDED count=538 persistence deliberately disabled
NATIVE_PREFERENCE_SAVE_RECORDED count=539 persistence deliberately disabled
NATIVE_PREFERENCE_SAVE_RECORDED count=540 persistence deliberately disabled
NATIVE_PREFERENCE_SAVE_RECORDED count=541 persistence deliberately disabled
NATIVE_PREFERENCE_SAVE_RECORDED count=542 persistence deliberately disabled
NATIVE_PREFERENCE_SAVE_RECORDED count=543 persistence deliberately disabled
NATIVE_PREFERENCE_SAVE_RECORDED count=544 persistence deliberately disabled
NATIVE_PREFERENCE_SAVE_RECORDED count=545 persistence deliberately disabled
NATIVE_PREFERENCE_SAVE_RECORDED count=546 persistence deliberately disabled
NATIVE_PREFERENCE_SAVE_RECORDED count=547 persistence deliberately disabled
NATIVE_PREFERENCE_SAVE_RECORDED count=548 persistence deliberately disabled
NATIVE_PREFERENCE_SAVE_RECORDED count=549 persistence deliberately disabled
NATIVE_PREFERENCE_SAVE_RECORDED count=550 persistence deliberately disabled
NATIVE_PREFERENCE_SAVE_RECORDED count=551 persistence deliberately disabled
NATIVE_PREFERENCE_SAVE_RECORDED count=552 persistence deliberately disabled
NATIVE_PREFERENCE_SAVE_RECORDED count=553 persistence deliberately disabled
NATIVE_PREFERENCE_SAVE_RECORDED count=554 persistence deliberately disabled
NATIVE_PREFERENCE_SAVE_RECORDED count=555 persistence deliberately disabled
NATIVE_PREFERENCE_SAVE_RECORDED count=556 persistence deliberately disabled
NATIVE_PREFERENCE_SAVE_RECORDED count=557 persistence deliberately disabled
NATIVE_PREFERENCE_SAVE_RECORDED count=558 persistence deliberately disabled
NATIVE_PREFERENCE_SAVE_RECORDED count=559 persistence deliberately disabled
NATIVE_PREFERENCE_SAVE_RECORDED count=560 persistence deliberately disabled
NATIVE_PREFERENCE_SAVE_RECORDED count=561 persistence deliberately disabled
NATIVE_PREFERENCE_SAVE_RECORDED count=562 persistence deliberately disabled
NATIVE_PREFERENCE_SAVE_RECORDED count=563 persistence deliberately disabled
NATIVE_PREFERENCE_SAVE_RECORDED count=564 persistence deliberately disabled
CAPTURE hud/native-production-choice-4 1920x1080 pixels=1431941
NATIVE_PREFERENCE_SAVE_RECORDED count=565 persistence deliberately disabled
NATIVE_PREFERENCE_SAVE_RECORDED count=566 persistence deliberately disabled
NATIVE_PREFERENCE_SAVE_RECORDED count=567 persistence deliberately disabled
NATIVE_PREFERENCE_SAVE_RECORDED count=568 persistence deliberately disabled
NATIVE_PREFERENCE_SAVE_RECORDED count=569 persistence deliberately disabled
NATIVE_PREFERENCE_SAVE_RECORDED count=570 persistence deliberately disabled
NATIVE_PREFERENCE_SAVE_RECORDED count=571 persistence deliberately disabled
NATIVE_PREFERENCE_SAVE_RECORDED count=572 persistence deliberately disabled
NATIVE_PREFERENCE_SAVE_RECORDED count=573 persistence deliberately disabled
NATIVE_PREFERENCE_SAVE_RECORDED count=574 persistence deliberately disabled
NATIVE_PREFERENCE_SAVE_RECORDED count=575 persistence deliberately disabled
NATIVE_PREFERENCE_SAVE_RECORDED count=576 persistence deliberately disabled
NATIVE_PREFERENCE_SAVE_RECORDED count=577 persistence deliberately disabled
NATIVE_PREFERENCE_SAVE_RECORDED count=578 persistence deliberately disabled
NATIVE_PREFERENCE_SAVE_RECORDED count=579 persistence deliberately disabled
NATIVE_PREFERENCE_SAVE_RECORDED count=580 persistence deliberately disabled
NATIVE_PREFERENCE_SAVE_RECORDED count=581 persistence deliberately disabled
NATIVE_PREFERENCE_SAVE_RECORDED count=582 persistence deliberately disabled
NATIVE_PREFERENCE_SAVE_RECORDED count=583 persistence deliberately disabled
NATIVE_PREFERENCE_SAVE_RECORDED count=584 persistence deliberately disabled
NATIVE_PREFERENCE_SAVE_RECORDED count=585 persistence deliberately disabled
NATIVE_PREFERENCE_SAVE_RECORDED count=586 persistence deliberately disabled
NATIVE_PREFERENCE_SAVE_RECORDED count=587 persistence deliberately disabled
NATIVE_PREFERENCE_SAVE_RECORDED count=588 persistence deliberately disabled
NATIVE_PREFERENCE_SAVE_RECORDED count=589 persistence deliberately disabled
NATIVE_PREFERENCE_SAVE_RECORDED count=590 persistence deliberately disabled
NATIVE_PREFERENCE_SAVE_RECORDED count=591 persistence deliberately disabled
NATIVE_PREFERENCE_SAVE_RECORDED count=592 persistence deliberately disabled
NATIVE_PREFERENCE_SAVE_RECORDED count=593 persistence deliberately disabled
NATIVE_PREFERENCE_SAVE_RECORDED count=594 persistence deliberately disabled
NATIVE_PREFERENCE_SAVE_RECORDED count=595 persistence deliberately disabled
NATIVE_PREFERENCE_SAVE_RECORDED count=596 persistence deliberately disabled
NATIVE_PREFERENCE_SAVE_RECORDED count=597 persistence deliberately disabled
NATIVE_PREFERENCE_SAVE_RECORDED count=598 persistence deliberately disabled
NATIVE_PREFERENCE_SAVE_RECORDED count=599 persistence deliberately disabled
NATIVE_PREFERENCE_SAVE_RECORDED count=600 persistence deliberately disabled
CAPTURE hud/native-production-choice-5 1920x1080 pixels=1431941
NATIVE_PREFERENCE_SAVE_RECORDED count=601 persistence deliberately disabled
NATIVE_PREFERENCE_SAVE_RECORDED count=602 persistence deliberately disabled
NATIVE_PREFERENCE_SAVE_RECORDED count=603 persistence deliberately disabled
NATIVE_PREFERENCE_SAVE_RECORDED count=604 persistence deliberately disabled
NATIVE_PREFERENCE_SAVE_RECORDED count=605 persistence deliberately disabled
NATIVE_PREFERENCE_SAVE_RECORDED count=606 persistence deliberately disabled
NATIVE_PREFERENCE_SAVE_RECORDED count=607 persistence deliberately disabled
NATIVE_PREFERENCE_SAVE_RECORDED count=608 persistence deliberately disabled
NATIVE_PREFERENCE_SAVE_RECORDED count=609 persistence deliberately disabled
NATIVE_PREFERENCE_SAVE_RECORDED count=610 persistence deliberately disabled
NATIVE_PREFERENCE_SAVE_RECORDED count=611 persistence deliberately disabled
NATIVE_PREFERENCE_SAVE_RECORDED count=612 persistence deliberately disabled
NATIVE_PREFERENCE_SAVE_RECORDED count=613 persistence deliberately disabled
NATIVE_PREFERENCE_SAVE_RECORDED count=614 persistence deliberately disabled
NATIVE_PREFERENCE_SAVE_RECORDED count=615 persistence deliberately disabled
NATIVE_PREFERENCE_SAVE_RECORDED count=616 persistence deliberately disabled
NATIVE_PREFERENCE_SAVE_RECORDED count=617 persistence deliberately disabled
NATIVE_PREFERENCE_SAVE_RECORDED count=618 persistence deliberately disabled
NATIVE_PREFERENCE_SAVE_RECORDED count=619 persistence deliberately disabled
NATIVE_PREFERENCE_SAVE_RECORDED count=620 persistence deliberately disabled
NATIVE_PREFERENCE_SAVE_RECORDED count=621 persistence deliberately disabled
NATIVE_PREFERENCE_SAVE_RECORDED count=622 persistence deliberately disabled
NATIVE_PREFERENCE_SAVE_RECORDED count=623 persistence deliberately disabled
NATIVE_PREFERENCE_SAVE_RECORDED count=624 persistence deliberately disabled
NATIVE_PREFERENCE_SAVE_RECORDED count=625 persistence deliberately disabled
NATIVE_PREFERENCE_SAVE_RECORDED count=626 persistence deliberately disabled
NATIVE_PREFERENCE_SAVE_RECORDED count=627 persistence deliberately disabled
NATIVE_PREFERENCE_SAVE_RECORDED count=628 persistence deliberately disabled
NATIVE_PREFERENCE_SAVE_RECORDED count=629 persistence deliberately disabled
NATIVE_PREFERENCE_SAVE_RECORDED count=630 persistence deliberately disabled
NATIVE_PREFERENCE_SAVE_RECORDED count=631 persistence deliberately disabled
NATIVE_PREFERENCE_SAVE_RECORDED count=632 persistence deliberately disabled
NATIVE_PREFERENCE_SAVE_RECORDED count=633 persistence deliberately disabled
NATIVE_PREFERENCE_SAVE_RECORDED count=634 persistence deliberately disabled
NATIVE_PREFERENCE_SAVE_RECORDED count=635 persistence deliberately disabled
NATIVE_PREFERENCE_SAVE_RECORDED count=636 persistence deliberately disabled
CAPTURE hud/native-production-choice-6 1920x1080 pixels=1431941
NATIVE_PREFERENCE_SAVE_RECORDED count=637 persistence deliberately disabled
NATIVE_PREFERENCE_SAVE_RECORDED count=638 persistence deliberately disabled
NATIVE_PREFERENCE_SAVE_RECORDED count=639 persistence deliberately disabled
NATIVE_PREFERENCE_SAVE_RECORDED count=640 persistence deliberately disabled
NATIVE_PREFERENCE_SAVE_RECORDED count=641 persistence deliberately disabled
NATIVE_PREFERENCE_SAVE_RECORDED count=642 persistence deliberately disabled
NATIVE_PREFERENCE_SAVE_RECORDED count=643 persistence deliberately disabled
NATIVE_PREFERENCE_SAVE_RECORDED count=644 persistence deliberately disabled
NATIVE_PREFERENCE_SAVE_RECORDED count=645 persistence deliberately disabled
NATIVE_PREFERENCE_SAVE_RECORDED count=646 persistence deliberately disabled
NATIVE_PREFERENCE_SAVE_RECORDED count=647 persistence deliberately disabled
NATIVE_PREFERENCE_SAVE_RECORDED count=648 persistence deliberately disabled
NATIVE_PREFERENCE_SAVE_RECORDED count=649 persistence deliberately disabled
NATIVE_PREFERENCE_SAVE_RECORDED count=650 persistence deliberately disabled
NATIVE_PREFERENCE_SAVE_RECORDED count=651 persistence deliberately disabled
NATIVE_PREFERENCE_SAVE_RECORDED count=652 persistence deliberately disabled
NATIVE_PREFERENCE_SAVE_RECORDED count=653 persistence deliberately disabled
NATIVE_PREFERENCE_SAVE_RECORDED count=654 persistence deliberately disabled
NATIVE_PREFERENCE_SAVE_RECORDED count=655 persistence deliberately disabled
NATIVE_PREFERENCE_SAVE_RECORDED count=656 persistence deliberately disabled
NATIVE_PREFERENCE_SAVE_RECORDED count=657 persistence deliberately disabled
NATIVE_PREFERENCE_SAVE_RECORDED count=658 persistence deliberately disabled
NATIVE_PREFERENCE_SAVE_RECORDED count=659 persistence deliberately disabled
NATIVE_PREFERENCE_SAVE_RECORDED count=660 persistence deliberately disabled
NATIVE_PREFERENCE_SAVE_RECORDED count=661 persistence deliberately disabled
NATIVE_PREFERENCE_SAVE_RECORDED count=662 persistence deliberately disabled
NATIVE_PREFERENCE_SAVE_RECORDED count=663 persistence deliberately disabled
NATIVE_PREFERENCE_SAVE_RECORDED count=664 persistence deliberately disabled
NATIVE_PREFERENCE_SAVE_RECORDED count=665 persistence deliberately disabled
NATIVE_PREFERENCE_SAVE_RECORDED count=666 persistence deliberately disabled
NATIVE_PREFERENCE_SAVE_RECORDED count=667 persistence deliberately disabled
NATIVE_PREFERENCE_SAVE_RECORDED count=668 persistence deliberately disabled
NATIVE_PREFERENCE_SAVE_RECORDED count=669 persistence deliberately disabled
NATIVE_PREFERENCE_SAVE_RECORDED count=670 persistence deliberately disabled
NATIVE_PREFERENCE_SAVE_RECORDED count=671 persistence deliberately disabled
NATIVE_PREFERENCE_SAVE_RECORDED count=672 persistence deliberately disabled
CAPTURE hud/native-production-choice-7 1920x1080 pixels=1431941
NATIVE_PREFERENCE_SAVE_RECORDED count=673 persistence deliberately disabled
NATIVE_PREFERENCE_SAVE_RECORDED count=674 persistence deliberately disabled
NATIVE_PREFERENCE_SAVE_RECORDED count=675 persistence deliberately disabled
NATIVE_PREFERENCE_SAVE_RECORDED count=676 persistence deliberately disabled
NATIVE_PREFERENCE_SAVE_RECORDED count=677 persistence deliberately disabled
NATIVE_PREFERENCE_SAVE_RECORDED count=678 persistence deliberately disabled
NATIVE_PREFERENCE_SAVE_RECORDED count=679 persistence deliberately disabled
NATIVE_PREFERENCE_SAVE_RECORDED count=680 persistence deliberately disabled
NATIVE_PREFERENCE_SAVE_RECORDED count=681 persistence deliberately disabled
NATIVE_PREFERENCE_SAVE_RECORDED count=682 persistence deliberately disabled
NATIVE_PREFERENCE_SAVE_RECORDED count=683 persistence deliberately disabled
NATIVE_PREFERENCE_SAVE_RECORDED count=684 persistence deliberately disabled
NATIVE_PREFERENCE_SAVE_RECORDED count=685 persistence deliberately disabled
NATIVE_PREFERENCE_SAVE_RECORDED count=686 persistence deliberately disabled
NATIVE_PREFERENCE_SAVE_RECORDED count=687 persistence deliberately disabled
NATIVE_PREFERENCE_SAVE_RECORDED count=688 persistence deliberately disabled
NATIVE_PREFERENCE_SAVE_RECORDED count=689 persistence deliberately disabled
NATIVE_PREFERENCE_SAVE_RECORDED count=690 persistence deliberately disabled
NATIVE_PREFERENCE_SAVE_RECORDED count=691 persistence deliberately disabled
NATIVE_PREFERENCE_SAVE_RECORDED count=692 persistence deliberately disabled
NATIVE_PREFERENCE_SAVE_RECORDED count=693 persistence deliberately disabled
NATIVE_PREFERENCE_SAVE_RECORDED count=694 persistence deliberately disabled
NATIVE_PREFERENCE_SAVE_RECORDED count=695 persistence deliberately disabled
NATIVE_PREFERENCE_SAVE_RECORDED count=696 persistence deliberately disabled
NATIVE_PREFERENCE_SAVE_RECORDED count=697 persistence deliberately disabled
NATIVE_PREFERENCE_SAVE_RECORDED count=698 persistence deliberately disabled
NATIVE_PREFERENCE_SAVE_RECORDED count=699 persistence deliberately disabled
NATIVE_PREFERENCE_SAVE_RECORDED count=700 persistence deliberately disabled
NATIVE_PREFERENCE_SAVE_RECORDED count=701 persistence deliberately disabled
NATIVE_PREFERENCE_SAVE_RECORDED count=702 persistence deliberately disabled
NATIVE_PREFERENCE_SAVE_RECORDED count=703 persistence deliberately disabled
NATIVE_PREFERENCE_SAVE_RECORDED count=704 persistence deliberately disabled
NATIVE_PREFERENCE_SAVE_RECORDED count=705 persistence deliberately disabled
NATIVE_PREFERENCE_SAVE_RECORDED count=706 persistence deliberately disabled
NATIVE_PREFERENCE_SAVE_RECORDED count=707 persistence deliberately disabled
NATIVE_PREFERENCE_SAVE_RECORDED count=708 persistence deliberately disabled
CAPTURE hud/native-production-choice-8 1920x1080 pixels=1431941
NATIVE_PREFERENCE_SAVE_RECORDED count=709 persistence deliberately disabled
NATIVE_PREFERENCE_SAVE_RECORDED count=710 persistence deliberately disabled
NATIVE_PREFERENCE_SAVE_RECORDED count=711 persistence deliberately disabled
NATIVE_PREFERENCE_SAVE_RECORDED count=712 persistence deliberately disabled
NATIVE_PREFERENCE_SAVE_RECORDED count=713 persistence deliberately disabled
NATIVE_PREFERENCE_SAVE_RECORDED count=714 persistence deliberately disabled
NATIVE_PREFERENCE_SAVE_RECORDED count=715 persistence deliberately disabled
NATIVE_PREFERENCE_SAVE_RECORDED count=716 persistence deliberately disabled
NATIVE_PREFERENCE_SAVE_RECORDED count=717 persistence deliberately disabled
NATIVE_PREFERENCE_SAVE_RECORDED count=718 persistence deliberately disabled
NATIVE_PREFERENCE_SAVE_RECORDED count=719 persistence deliberately disabled
NATIVE_PREFERENCE_SAVE_RECORDED count=720 persistence deliberately disabled
NATIVE_PREFERENCE_SAVE_RECORDED count=721 persistence deliberately disabled
NATIVE_PREFERENCE_SAVE_RECORDED count=722 persistence deliberately disabled
NATIVE_PREFERENCE_SAVE_RECORDED count=723 persistence deliberately disabled
NATIVE_PREFERENCE_SAVE_RECORDED count=724 persistence deliberately disabled
NATIVE_PREFERENCE_SAVE_RECORDED count=725 persistence deliberately disabled
NATIVE_PREFERENCE_SAVE_RECORDED count=726 persistence deliberately disabled
NATIVE_PREFERENCE_SAVE_RECORDED count=727 persistence deliberately disabled
NATIVE_PREFERENCE_SAVE_RECORDED count=728 persistence deliberately disabled
NATIVE_PREFERENCE_SAVE_RECORDED count=729 persistence deliberately disabled
NATIVE_PREFERENCE_SAVE_RECORDED count=730 persistence deliberately disabled
NATIVE_PREFERENCE_SAVE_RECORDED count=731 persistence deliberately disabled
NATIVE_PREFERENCE_SAVE_RECORDED count=732 persistence deliberately disabled
NATIVE_PREFERENCE_SAVE_RECORDED count=733 persistence deliberately disabled
NATIVE_PREFERENCE_SAVE_RECORDED count=734 persistence deliberately disabled
NATIVE_PREFERENCE_SAVE_RECORDED count=735 persistence deliberately disabled
NATIVE_PREFERENCE_SAVE_RECORDED count=736 persistence deliberately disabled
NATIVE_PREFERENCE_SAVE_RECORDED count=737 persistence deliberately disabled
NATIVE_PREFERENCE_SAVE_RECORDED count=738 persistence deliberately disabled
NATIVE_PREFERENCE_SAVE_RECORDED count=739 persistence deliberately disabled
NATIVE_PREFERENCE_SAVE_RECORDED count=740 persistence deliberately disabled
NATIVE_PREFERENCE_SAVE_RECORDED count=741 persistence deliberately disabled
NATIVE_PREFERENCE_SAVE_RECORDED count=742 persistence deliberately disabled
NATIVE_PREFERENCE_SAVE_RECORDED count=743 persistence deliberately disabled
NATIVE_PREFERENCE_SAVE_RECORDED count=744 persistence deliberately disabled
CAPTURE hud/native-production-choice-9 1920x1080 pixels=1431941
NATIVE_PREFERENCE_SAVE_RECORDED count=745 persistence deliberately disabled
NATIVE_PREFERENCE_SAVE_RECORDED count=746 persistence deliberately disabled
NATIVE_PREFERENCE_SAVE_RECORDED count=747 persistence deliberately disabled
NATIVE_PREFERENCE_SAVE_RECORDED count=748 persistence deliberately disabled
NATIVE_PREFERENCE_SAVE_RECORDED count=749 persistence deliberately disabled
NATIVE_PREFERENCE_SAVE_RECORDED count=750 persistence deliberately disabled
NATIVE_PREFERENCE_SAVE_RECORDED count=751 persistence deliberately disabled
NATIVE_PREFERENCE_SAVE_RECORDED count=752 persistence deliberately disabled
NATIVE_PREFERENCE_SAVE_RECORDED count=753 persistence deliberately disabled
NATIVE_PREFERENCE_SAVE_RECORDED count=754 persistence deliberately disabled
NATIVE_PREFERENCE_SAVE_RECORDED count=755 persistence deliberately disabled
NATIVE_PREFERENCE_SAVE_RECORDED count=756 persistence deliberately disabled
NATIVE_PREFERENCE_SAVE_RECORDED count=757 persistence deliberately disabled
NATIVE_PREFERENCE_SAVE_RECORDED count=758 persistence deliberately disabled
NATIVE_PREFERENCE_SAVE_RECORDED count=759 persistence deliberately disabled
NATIVE_PREFERENCE_SAVE_RECORDED count=760 persistence deliberately disabled
NATIVE_PREFERENCE_SAVE_RECORDED count=761 persistence deliberately disabled
NATIVE_PREFERENCE_SAVE_RECORDED count=762 persistence deliberately disabled
NATIVE_PREFERENCE_SAVE_RECORDED count=763 persistence deliberately disabled
NATIVE_PREFERENCE_SAVE_RECORDED count=764 persistence deliberately disabled
NATIVE_PREFERENCE_SAVE_RECORDED count=765 persistence deliberately disabled
NATIVE_PREFERENCE_SAVE_RECORDED count=766 persistence deliberately disabled
NATIVE_PREFERENCE_SAVE_RECORDED count=767 persistence deliberately disabled
NATIVE_PREFERENCE_SAVE_RECORDED count=768 persistence deliberately disabled
NATIVE_PREFERENCE_SAVE_RECORDED count=769 persistence deliberately disabled
NATIVE_PREFERENCE_SAVE_RECORDED count=770 persistence deliberately disabled
NATIVE_PREFERENCE_SAVE_RECORDED count=771 persistence deliberately disabled
NATIVE_PREFERENCE_SAVE_RECORDED count=772 persistence deliberately disabled
NATIVE_PREFERENCE_SAVE_RECORDED count=773 persistence deliberately disabled
NATIVE_PREFERENCE_SAVE_RECORDED count=774 persistence deliberately disabled
NATIVE_PREFERENCE_SAVE_RECORDED count=775 persistence deliberately disabled
NATIVE_PREFERENCE_SAVE_RECORDED count=776 persistence deliberately disabled
NATIVE_PREFERENCE_SAVE_RECORDED count=777 persistence deliberately disabled
NATIVE_PREFERENCE_SAVE_RECORDED count=778 persistence deliberately disabled
NATIVE_PREFERENCE_SAVE_RECORDED count=779 persistence deliberately disabled
NATIVE_PREFERENCE_SAVE_RECORDED count=780 persistence deliberately disabled
CAPTURE hud/native-production-choice-10 1920x1080 pixels=1431941
NATIVE_PREFERENCE_SAVE_RECORDED count=781 persistence deliberately disabled
NATIVE_PREFERENCE_SAVE_RECORDED count=782 persistence deliberately disabled
NATIVE_PREFERENCE_SAVE_RECORDED count=783 persistence deliberately disabled
NATIVE_PREFERENCE_SAVE_RECORDED count=784 persistence deliberately disabled
NATIVE_PREFERENCE_SAVE_RECORDED count=785 persistence deliberately disabled
NATIVE_PREFERENCE_SAVE_RECORDED count=786 persistence deliberately disabled
NATIVE_PREFERENCE_SAVE_RECORDED count=787 persistence deliberately disabled
NATIVE_PREFERENCE_SAVE_RECORDED count=788 persistence deliberately disabled
NATIVE_PREFERENCE_SAVE_RECORDED count=789 persistence deliberately disabled
NATIVE_PREFERENCE_SAVE_RECORDED count=790 persistence deliberately disabled
NATIVE_PREFERENCE_SAVE_RECORDED count=791 persistence deliberately disabled
NATIVE_PREFERENCE_SAVE_RECORDED count=792 persistence deliberately disabled
NATIVE_PREFERENCE_SAVE_RECORDED count=793 persistence deliberately disabled
NATIVE_PREFERENCE_SAVE_RECORDED count=794 persistence deliberately disabled
NATIVE_PREFERENCE_SAVE_RECORDED count=795 persistence deliberately disabled
NATIVE_PREFERENCE_SAVE_RECORDED count=796 persistence deliberately disabled
NATIVE_PREFERENCE_SAVE_RECORDED count=797 persistence deliberately disabled
NATIVE_PREFERENCE_SAVE_RECORDED count=798 persistence deliberately disabled
NATIVE_PREFERENCE_SAVE_RECORDED count=799 persistence deliberately disabled
NATIVE_PREFERENCE_SAVE_RECORDED count=800 persistence deliberately disabled
NATIVE_PREFERENCE_SAVE_RECORDED count=801 persistence deliberately disabled
NATIVE_PREFERENCE_SAVE_RECORDED count=802 persistence deliberately disabled
NATIVE_PREFERENCE_SAVE_RECORDED count=803 persistence deliberately disabled
NATIVE_PREFERENCE_SAVE_RECORDED count=804 persistence deliberately disabled
NATIVE_PREFERENCE_SAVE_RECORDED count=805 persistence deliberately disabled
NATIVE_PREFERENCE_SAVE_RECORDED count=806 persistence deliberately disabled
NATIVE_PREFERENCE_SAVE_RECORDED count=807 persistence deliberately disabled
NATIVE_PREFERENCE_SAVE_RECORDED count=808 persistence deliberately disabled
NATIVE_PREFERENCE_SAVE_RECORDED count=809 persistence deliberately disabled
NATIVE_PREFERENCE_SAVE_RECORDED count=810 persistence deliberately disabled
NATIVE_PREFERENCE_SAVE_RECORDED count=811 persistence deliberately disabled
NATIVE_PREFERENCE_SAVE_RECORDED count=812 persistence deliberately disabled
NATIVE_PREFERENCE_SAVE_RECORDED count=813 persistence deliberately disabled
NATIVE_PREFERENCE_SAVE_RECORDED count=814 persistence deliberately disabled
NATIVE_PREFERENCE_SAVE_RECORDED count=815 persistence deliberately disabled
NATIVE_PREFERENCE_SAVE_RECORDED count=816 persistence deliberately disabled
CAPTURE hud/native-production-choice-11 1920x1080 pixels=1431941
NATIVE_PREFERENCE_SAVE_RECORDED count=817 persistence deliberately disabled
NATIVE_PREFERENCE_SAVE_RECORDED count=818 persistence deliberately disabled
NATIVE_PREFERENCE_SAVE_RECORDED count=819 persistence deliberately disabled
NATIVE_PREFERENCE_SAVE_RECORDED count=820 persistence deliberately disabled
NATIVE_PREFERENCE_SAVE_RECORDED count=821 persistence deliberately disabled
NATIVE_PREFERENCE_SAVE_RECORDED count=822 persistence deliberately disabled
NATIVE_PREFERENCE_SAVE_RECORDED count=823 persistence deliberately disabled
NATIVE_PREFERENCE_SAVE_RECORDED count=824 persistence deliberately disabled
NATIVE_PREFERENCE_SAVE_RECORDED count=825 persistence deliberately disabled
NATIVE_PREFERENCE_SAVE_RECORDED count=826 persistence deliberately disabled
NATIVE_PREFERENCE_SAVE_RECORDED count=827 persistence deliberately disabled
NATIVE_PREFERENCE_SAVE_RECORDED count=828 persistence deliberately disabled
NATIVE_PREFERENCE_SAVE_RECORDED count=829 persistence deliberately disabled
NATIVE_PREFERENCE_SAVE_RECORDED count=830 persistence deliberately disabled
NATIVE_PREFERENCE_SAVE_RECORDED count=831 persistence deliberately disabled
NATIVE_PREFERENCE_SAVE_RECORDED count=832 persistence deliberately disabled
NATIVE_PREFERENCE_SAVE_RECORDED count=833 persistence deliberately disabled
NATIVE_PREFERENCE_SAVE_RECORDED count=834 persistence deliberately disabled
NATIVE_PREFERENCE_SAVE_RECORDED count=835 persistence deliberately disabled
NATIVE_PREFERENCE_SAVE_RECORDED count=836 persistence deliberately disabled
NATIVE_PREFERENCE_SAVE_RECORDED count=837 persistence deliberately disabled
NATIVE_PREFERENCE_SAVE_RECORDED count=838 persistence deliberately disabled
NATIVE_PREFERENCE_SAVE_RECORDED count=839 persistence deliberately disabled
NATIVE_PREFERENCE_SAVE_RECORDED count=840 persistence deliberately disabled
NATIVE_PREFERENCE_SAVE_RECORDED count=841 persistence deliberately disabled
NATIVE_PREFERENCE_SAVE_RECORDED count=842 persistence deliberately disabled
NATIVE_PREFERENCE_SAVE_RECORDED count=843 persistence deliberately disabled
NATIVE_PREFERENCE_SAVE_RECORDED count=844 persistence deliberately disabled
NATIVE_PREFERENCE_SAVE_RECORDED count=845 persistence deliberately disabled
NATIVE_PREFERENCE_SAVE_RECORDED count=846 persistence deliberately disabled
NATIVE_PREFERENCE_SAVE_RECORDED count=847 persistence deliberately disabled
NATIVE_PREFERENCE_SAVE_RECORDED count=848 persistence deliberately disabled
NATIVE_PREFERENCE_SAVE_RECORDED count=849 persistence deliberately disabled
NATIVE_PREFERENCE_SAVE_RECORDED count=850 persistence deliberately disabled
NATIVE_PREFERENCE_SAVE_RECORDED count=851 persistence deliberately disabled
NATIVE_PREFERENCE_SAVE_RECORDED count=852 persistence deliberately disabled
CAPTURE hud/native-production-choice-12 1920x1080 pixels=1431941
NATIVE_PREFERENCE_SAVE_RECORDED count=853 persistence deliberately disabled
NATIVE_PREFERENCE_SAVE_RECORDED count=854 persistence deliberately disabled
NATIVE_PREFERENCE_SAVE_RECORDED count=855 persistence deliberately disabled
NATIVE_PREFERENCE_SAVE_RECORDED count=856 persistence deliberately disabled
NATIVE_PREFERENCE_SAVE_RECORDED count=857 persistence deliberately disabled
NATIVE_PREFERENCE_SAVE_RECORDED count=858 persistence deliberately disabled
NATIVE_PREFERENCE_SAVE_RECORDED count=859 persistence deliberately disabled
NATIVE_PREFERENCE_SAVE_RECORDED count=860 persistence deliberately disabled
NATIVE_PREFERENCE_SAVE_RECORDED count=861 persistence deliberately disabled
NATIVE_PREFERENCE_SAVE_RECORDED count=862 persistence deliberately disabled
NATIVE_PREFERENCE_SAVE_RECORDED count=863 persistence deliberately disabled
NATIVE_PREFERENCE_SAVE_RECORDED count=864 persistence deliberately disabled
NATIVE_PREFERENCE_SAVE_RECORDED count=865 persistence deliberately disabled
NATIVE_PREFERENCE_SAVE_RECORDED count=866 persistence deliberately disabled
NATIVE_PREFERENCE_SAVE_RECORDED count=867 persistence deliberately disabled
NATIVE_PREFERENCE_SAVE_RECORDED count=868 persistence deliberately disabled
NATIVE_PREFERENCE_SAVE_RECORDED count=869 persistence deliberately disabled
NATIVE_PREFERENCE_SAVE_RECORDED count=870 persistence deliberately disabled
NATIVE_PREFERENCE_SAVE_RECORDED count=871 persistence deliberately disabled
NATIVE_PREFERENCE_SAVE_RECORDED count=872 persistence deliberately disabled
NATIVE_PREFERENCE_SAVE_RECORDED count=873 persistence deliberately disabled
NATIVE_PREFERENCE_SAVE_RECORDED count=874 persistence deliberately disabled
NATIVE_PREFERENCE_SAVE_RECORDED count=875 persistence deliberately disabled
NATIVE_PREFERENCE_SAVE_RECORDED count=876 persistence deliberately disabled
NATIVE_PREFERENCE_SAVE_RECORDED count=877 persistence deliberately disabled
NATIVE_PREFERENCE_SAVE_RECORDED count=878 persistence deliberately disabled
NATIVE_PREFERENCE_SAVE_RECORDED count=879 persistence deliberately disabled
NATIVE_PREFERENCE_SAVE_RECORDED count=880 persistence deliberately disabled
NATIVE_PREFERENCE_SAVE_RECORDED count=881 persistence deliberately disabled
NATIVE_PREFERENCE_SAVE_RECORDED count=882 persistence deliberately disabled
NATIVE_PREFERENCE_SAVE_RECORDED count=883 persistence deliberately disabled
NATIVE_PREFERENCE_SAVE_RECORDED count=884 persistence deliberately disabled
NATIVE_PREFERENCE_SAVE_RECORDED count=885 persistence deliberately disabled
NATIVE_PREFERENCE_SAVE_RECORDED count=886 persistence deliberately disabled
NATIVE_PREFERENCE_SAVE_RECORDED count=887 persistence deliberately disabled
NATIVE_PREFERENCE_SAVE_RECORDED count=888 persistence deliberately disabled
CAPTURE hud/native-production-choice-13 1920x1080 pixels=1431941
NATIVE_PREFERENCE_SAVE_RECORDED count=889 persistence deliberately disabled
NATIVE_PREFERENCE_SAVE_RECORDED count=890 persistence deliberately disabled
NATIVE_PREFERENCE_SAVE_RECORDED count=891 persistence deliberately disabled
NATIVE_PREFERENCE_SAVE_RECORDED count=892 persistence deliberately disabled
NATIVE_PREFERENCE_SAVE_RECORDED count=893 persistence deliberately disabled
NATIVE_PREFERENCE_SAVE_RECORDED count=894 persistence deliberately disabled
NATIVE_PREFERENCE_SAVE_RECORDED count=895 persistence deliberately disabled
NATIVE_PREFERENCE_SAVE_RECORDED count=896 persistence deliberately disabled
NATIVE_PREFERENCE_SAVE_RECORDED count=897 persistence deliberately disabled
NATIVE_PREFERENCE_SAVE_RECORDED count=898 persistence deliberately disabled
NATIVE_PREFERENCE_SAVE_RECORDED count=899 persistence deliberately disabled
NATIVE_PREFERENCE_SAVE_RECORDED count=900 persistence deliberately disabled
NATIVE_PREFERENCE_SAVE_RECORDED count=901 persistence deliberately disabled
NATIVE_PREFERENCE_SAVE_RECORDED count=902 persistence deliberately disabled
NATIVE_PREFERENCE_SAVE_RECORDED count=903 persistence deliberately disabled
NATIVE_PREFERENCE_SAVE_RECORDED count=904 persistence deliberately disabled
NATIVE_PREFERENCE_SAVE_RECORDED count=905 persistence deliberately disabled
NATIVE_PREFERENCE_SAVE_RECORDED count=906 persistence deliberately disabled
NATIVE_PREFERENCE_SAVE_RECORDED count=907 persistence deliberately disabled
NATIVE_PREFERENCE_SAVE_RECORDED count=908 persistence deliberately disabled
NATIVE_PREFERENCE_SAVE_RECORDED count=909 persistence deliberately disabled
NATIVE_PREFERENCE_SAVE_RECORDED count=910 persistence deliberately disabled
NATIVE_PREFERENCE_SAVE_RECORDED count=911 persistence deliberately disabled
NATIVE_PREFERENCE_SAVE_RECORDED count=912 persistence deliberately disabled
NATIVE_PREFERENCE_SAVE_RECORDED count=913 persistence deliberately disabled
NATIVE_PREFERENCE_SAVE_RECORDED count=914 persistence deliberately disabled
NATIVE_PREFERENCE_SAVE_RECORDED count=915 persistence deliberately disabled
NATIVE_PREFERENCE_SAVE_RECORDED count=916 persistence deliberately disabled
NATIVE_PREFERENCE_SAVE_RECORDED count=917 persistence deliberately disabled
NATIVE_PREFERENCE_SAVE_RECORDED count=918 persistence deliberately disabled
NATIVE_PREFERENCE_SAVE_RECORDED count=919 persistence deliberately disabled
NATIVE_PREFERENCE_SAVE_RECORDED count=920 persistence deliberately disabled
NATIVE_PREFERENCE_SAVE_RECORDED count=921 persistence deliberately disabled
NATIVE_PREFERENCE_SAVE_RECORDED count=922 persistence deliberately disabled
NATIVE_PREFERENCE_SAVE_RECORDED count=923 persistence deliberately disabled
NATIVE_PREFERENCE_SAVE_RECORDED count=924 persistence deliberately disabled
CAPTURE hud/native-production-choice-14 1920x1080 pixels=1431941
NATIVE_PREFERENCE_SAVE_RECORDED count=925 persistence deliberately disabled
NATIVE_PREFERENCE_SAVE_RECORDED count=926 persistence deliberately disabled
NATIVE_PREFERENCE_SAVE_RECORDED count=927 persistence deliberately disabled
NATIVE_PREFERENCE_SAVE_RECORDED count=928 persistence deliberately disabled
NATIVE_PREFERENCE_SAVE_RECORDED count=929 persistence deliberately disabled
NATIVE_PREFERENCE_SAVE_RECORDED count=930 persistence deliberately disabled
NATIVE_PREFERENCE_SAVE_RECORDED count=931 persistence deliberately disabled
NATIVE_PREFERENCE_SAVE_RECORDED count=932 persistence deliberately disabled
NATIVE_PREFERENCE_SAVE_RECORDED count=933 persistence deliberately disabled
NATIVE_PREFERENCE_SAVE_RECORDED count=934 persistence deliberately disabled
NATIVE_PREFERENCE_SAVE_RECORDED count=935 persistence deliberately disabled
NATIVE_PREFERENCE_SAVE_RECORDED count=936 persistence deliberately disabled
NATIVE_PREFERENCE_SAVE_RECORDED count=937 persistence deliberately disabled
NATIVE_PREFERENCE_SAVE_RECORDED count=938 persistence deliberately disabled
NATIVE_PREFERENCE_SAVE_RECORDED count=939 persistence deliberately disabled
NATIVE_PREFERENCE_SAVE_RECORDED count=940 persistence deliberately disabled
NATIVE_PREFERENCE_SAVE_RECORDED count=941 persistence deliberately disabled
NATIVE_PREFERENCE_SAVE_RECORDED count=942 persistence deliberately disabled
NATIVE_PREFERENCE_SAVE_RECORDED count=943 persistence deliberately disabled
NATIVE_PREFERENCE_SAVE_RECORDED count=944 persistence deliberately disabled
NATIVE_PREFERENCE_SAVE_RECORDED count=945 persistence deliberately disabled
NATIVE_PREFERENCE_SAVE_RECORDED count=946 persistence deliberately disabled
NATIVE_PREFERENCE_SAVE_RECORDED count=947 persistence deliberately disabled
NATIVE_PREFERENCE_SAVE_RECORDED count=948 persistence deliberately disabled
NATIVE_PREFERENCE_SAVE_RECORDED count=949 persistence deliberately disabled
NATIVE_PREFERENCE_SAVE_RECORDED count=950 persistence deliberately disabled
NATIVE_PREFERENCE_SAVE_RECORDED count=951 persistence deliberately disabled
NATIVE_PREFERENCE_SAVE_RECORDED count=952 persistence deliberately disabled
NATIVE_PREFERENCE_SAVE_RECORDED count=953 persistence deliberately disabled
NATIVE_PREFERENCE_SAVE_RECORDED count=954 persistence deliberately disabled
NATIVE_PREFERENCE_SAVE_RECORDED count=955 persistence deliberately disabled
NATIVE_PREFERENCE_SAVE_RECORDED count=956 persistence deliberately disabled
NATIVE_PREFERENCE_SAVE_RECORDED count=957 persistence deliberately disabled
NATIVE_PREFERENCE_SAVE_RECORDED count=958 persistence deliberately disabled
NATIVE_PREFERENCE_SAVE_RECORDED count=959 persistence deliberately disabled
NATIVE_PREFERENCE_SAVE_RECORDED count=960 persistence deliberately disabled
CAPTURE hud/native-production-choice-15 1920x1080 pixels=1431941
NATIVE_PREFERENCE_SAVE_RECORDED count=961 persistence deliberately disabled
NATIVE_PREFERENCE_SAVE_RECORDED count=962 persistence deliberately disabled
NATIVE_PREFERENCE_SAVE_RECORDED count=963 persistence deliberately disabled
NATIVE_PREFERENCE_SAVE_RECORDED count=964 persistence deliberately disabled
NATIVE_PREFERENCE_SAVE_RECORDED count=965 persistence deliberately disabled
NATIVE_PREFERENCE_SAVE_RECORDED count=966 persistence deliberately disabled
NATIVE_PREFERENCE_SAVE_RECORDED count=967 persistence deliberately disabled
NATIVE_PREFERENCE_SAVE_RECORDED count=968 persistence deliberately disabled
NATIVE_PREFERENCE_SAVE_RECORDED count=969 persistence deliberately disabled
NATIVE_PREFERENCE_SAVE_RECORDED count=970 persistence deliberately disabled
NATIVE_PREFERENCE_SAVE_RECORDED count=971 persistence deliberately disabled
NATIVE_PREFERENCE_SAVE_RECORDED count=972 persistence deliberately disabled
NATIVE_PREFERENCE_SAVE_RECORDED count=973 persistence deliberately disabled
NATIVE_PREFERENCE_SAVE_RECORDED count=974 persistence deliberately disabled
NATIVE_PREFERENCE_SAVE_RECORDED count=975 persistence deliberately disabled
NATIVE_PREFERENCE_SAVE_RECORDED count=976 persistence deliberately disabled
NATIVE_PREFERENCE_SAVE_RECORDED count=977 persistence deliberately disabled
NATIVE_PREFERENCE_SAVE_RECORDED count=978 persistence deliberately disabled
NATIVE_PREFERENCE_SAVE_RECORDED count=979 persistence deliberately disabled
NATIVE_PREFERENCE_SAVE_RECORDED count=980 persistence deliberately disabled
NATIVE_PREFERENCE_SAVE_RECORDED count=981 persistence deliberately disabled
NATIVE_PREFERENCE_SAVE_RECORDED count=982 persistence deliberately disabled
NATIVE_PREFERENCE_SAVE_RECORDED count=983 persistence deliberately disabled
NATIVE_PREFERENCE_SAVE_RECORDED count=984 persistence deliberately disabled
NATIVE_PREFERENCE_SAVE_RECORDED count=985 persistence deliberately disabled
NATIVE_PREFERENCE_SAVE_RECORDED count=986 persistence deliberately disabled
NATIVE_PREFERENCE_SAVE_RECORDED count=987 persistence deliberately disabled
NATIVE_PREFERENCE_SAVE_RECORDED count=988 persistence deliberately disabled
NATIVE_PREFERENCE_SAVE_RECORDED count=989 persistence deliberately disabled
NATIVE_PREFERENCE_SAVE_RECORDED count=990 persistence deliberately disabled
NATIVE_PREFERENCE_SAVE_RECORDED count=991 persistence deliberately disabled
NATIVE_PREFERENCE_SAVE_RECORDED count=992 persistence deliberately disabled
NATIVE_PREFERENCE_SAVE_RECORDED count=993 persistence deliberately disabled
NATIVE_PREFERENCE_SAVE_RECORDED count=994 persistence deliberately disabled
NATIVE_PREFERENCE_SAVE_RECORDED count=995 persistence deliberately disabled
NATIVE_PREFERENCE_SAVE_RECORDED count=996 persistence deliberately disabled
CAPTURE hud/native-production-choice-16 1920x1080 pixels=1431941
NATIVE_PREFERENCE_SAVE_RECORDED count=997 persistence deliberately disabled
NATIVE_PREFERENCE_SAVE_RECORDED count=998 persistence deliberately disabled
NATIVE_PREFERENCE_SAVE_RECORDED count=999 persistence deliberately disabled
NATIVE_PREFERENCE_SAVE_RECORDED count=1000 persistence deliberately disabled
NATIVE_PREFERENCE_SAVE_RECORDED count=1001 persistence deliberately disabled
NATIVE_PREFERENCE_SAVE_RECORDED count=1002 persistence deliberately disabled
NATIVE_PREFERENCE_SAVE_RECORDED count=1003 persistence deliberately disabled
NATIVE_PREFERENCE_SAVE_RECORDED count=1004 persistence deliberately disabled
NATIVE_PREFERENCE_SAVE_RECORDED count=1005 persistence deliberately disabled
NATIVE_PREFERENCE_SAVE_RECORDED count=1006 persistence deliberately disabled
NATIVE_PREFERENCE_SAVE_RECORDED count=1007 persistence deliberately disabled
NATIVE_PREFERENCE_SAVE_RECORDED count=1008 persistence deliberately disabled
NATIVE_PREFERENCE_SAVE_RECORDED count=1009 persistence deliberately disabled
NATIVE_PREFERENCE_SAVE_RECORDED count=1010 persistence deliberately disabled
NATIVE_PREFERENCE_SAVE_RECORDED count=1011 persistence deliberately disabled
NATIVE_PREFERENCE_SAVE_RECORDED count=1012 persistence deliberately disabled
NATIVE_PREFERENCE_SAVE_RECORDED count=1013 persistence deliberately disabled
NATIVE_PREFERENCE_SAVE_RECORDED count=1014 persistence deliberately disabled
NATIVE_PREFERENCE_SAVE_RECORDED count=1015 persistence deliberately disabled
NATIVE_PREFERENCE_SAVE_RECORDED count=1016 persistence deliberately disabled
NATIVE_PREFERENCE_SAVE_RECORDED count=1017 persistence deliberately disabled
NATIVE_PREFERENCE_SAVE_RECORDED count=1018 persistence deliberately disabled
NATIVE_PREFERENCE_SAVE_RECORDED count=1019 persistence deliberately disabled
NATIVE_PREFERENCE_SAVE_RECORDED count=1020 persistence deliberately disabled
NATIVE_PREFERENCE_SAVE_RECORDED count=1021 persistence deliberately disabled
NATIVE_PREFERENCE_SAVE_RECORDED count=1022 persistence deliberately disabled
NATIVE_PREFERENCE_SAVE_RECORDED count=1023 persistence deliberately disabled
NATIVE_PREFERENCE_SAVE_RECORDED count=1024 persistence deliberately disabled
NATIVE_PREFERENCE_SAVE_RECORDED count=1025 persistence deliberately disabled
NATIVE_PREFERENCE_SAVE_RECORDED count=1026 persistence deliberately disabled
NATIVE_PREFERENCE_SAVE_RECORDED count=1027 persistence deliberately disabled
NATIVE_PREFERENCE_SAVE_RECORDED count=1028 persistence deliberately disabled
NATIVE_PREFERENCE_SAVE_RECORDED count=1029 persistence deliberately disabled
NATIVE_PREFERENCE_SAVE_RECORDED count=1030 persistence deliberately disabled
NATIVE_PREFERENCE_SAVE_RECORDED count=1031 persistence deliberately disabled
NATIVE_PREFERENCE_SAVE_RECORDED count=1032 persistence deliberately disabled
CAPTURE hud/native-production-choice-17 1920x1080 pixels=1431941
NATIVE_PREFERENCE_SAVE_RECORDED count=1033 persistence deliberately disabled
NATIVE_PREFERENCE_SAVE_RECORDED count=1034 persistence deliberately disabled
NATIVE_PREFERENCE_SAVE_RECORDED count=1035 persistence deliberately disabled
NATIVE_PREFERENCE_SAVE_RECORDED count=1036 persistence deliberately disabled
NATIVE_PREFERENCE_SAVE_RECORDED count=1037 persistence deliberately disabled
NATIVE_PREFERENCE_SAVE_RECORDED count=1038 persistence deliberately disabled
NATIVE_PREFERENCE_SAVE_RECORDED count=1039 persistence deliberately disabled
NATIVE_PREFERENCE_SAVE_RECORDED count=1040 persistence deliberately disabled
NATIVE_PREFERENCE_SAVE_RECORDED count=1041 persistence deliberately disabled
NATIVE_PREFERENCE_SAVE_RECORDED count=1042 persistence deliberately disabled
NATIVE_PREFERENCE_SAVE_RECORDED count=1043 persistence deliberately disabled
NATIVE_PREFERENCE_SAVE_RECORDED count=1044 persistence deliberately disabled
NATIVE_PREFERENCE_SAVE_RECORDED count=1045 persistence deliberately disabled
NATIVE_PREFERENCE_SAVE_RECORDED count=1046 persistence deliberately disabled
NATIVE_PREFERENCE_SAVE_RECORDED count=1047 persistence deliberately disabled
NATIVE_PREFERENCE_SAVE_RECORDED count=1048 persistence deliberately disabled
NATIVE_PREFERENCE_SAVE_RECORDED count=1049 persistence deliberately disabled
NATIVE_PREFERENCE_SAVE_RECORDED count=1050 persistence deliberately disabled
NATIVE_PREFERENCE_SAVE_RECORDED count=1051 persistence deliberately disabled
NATIVE_PREFERENCE_SAVE_RECORDED count=1052 persistence deliberately disabled
NATIVE_PREFERENCE_SAVE_RECORDED count=1053 persistence deliberately disabled
NATIVE_PREFERENCE_SAVE_RECORDED count=1054 persistence deliberately disabled
NATIVE_PREFERENCE_SAVE_RECORDED count=1055 persistence deliberately disabled
NATIVE_PREFERENCE_SAVE_RECORDED count=1056 persistence deliberately disabled
NATIVE_PREFERENCE_SAVE_RECORDED count=1057 persistence deliberately disabled
NATIVE_PREFERENCE_SAVE_RECORDED count=1058 persistence deliberately disabled
NATIVE_PREFERENCE_SAVE_RECORDED count=1059 persistence deliberately disabled
NATIVE_PREFERENCE_SAVE_RECORDED count=1060 persistence deliberately disabled
NATIVE_PREFERENCE_SAVE_RECORDED count=1061 persistence deliberately disabled
NATIVE_PREFERENCE_SAVE_RECORDED count=1062 persistence deliberately disabled
NATIVE_PREFERENCE_SAVE_RECORDED count=1063 persistence deliberately disabled
NATIVE_PREFERENCE_SAVE_RECORDED count=1064 persistence deliberately disabled
NATIVE_PREFERENCE_SAVE_RECORDED count=1065 persistence deliberately disabled
NATIVE_PREFERENCE_SAVE_RECORDED count=1066 persistence deliberately disabled
NATIVE_PREFERENCE_SAVE_RECORDED count=1067 persistence deliberately disabled
NATIVE_PREFERENCE_SAVE_RECORDED count=1068 persistence deliberately disabled
CAPTURE hud/native-production-choice-18 1920x1080 pixels=1431941
NATIVE_PREFERENCE_SAVE_RECORDED count=1069 persistence deliberately disabled
NATIVE_PREFERENCE_SAVE_RECORDED count=1070 persistence deliberately disabled
NATIVE_PREFERENCE_SAVE_RECORDED count=1071 persistence deliberately disabled
NATIVE_PREFERENCE_SAVE_RECORDED count=1072 persistence deliberately disabled
NATIVE_PREFERENCE_SAVE_RECORDED count=1073 persistence deliberately disabled
NATIVE_PREFERENCE_SAVE_RECORDED count=1074 persistence deliberately disabled
NATIVE_PREFERENCE_SAVE_RECORDED count=1075 persistence deliberately disabled
NATIVE_PREFERENCE_SAVE_RECORDED count=1076 persistence deliberately disabled
NATIVE_PREFERENCE_SAVE_RECORDED count=1077 persistence deliberately disabled
NATIVE_PREFERENCE_SAVE_RECORDED count=1078 persistence deliberately disabled
NATIVE_PREFERENCE_SAVE_RECORDED count=1079 persistence deliberately disabled
NATIVE_PREFERENCE_SAVE_RECORDED count=1080 persistence deliberately disabled
NATIVE_PREFERENCE_SAVE_RECORDED count=1081 persistence deliberately disabled
NATIVE_PREFERENCE_SAVE_RECORDED count=1082 persistence deliberately disabled
NATIVE_PREFERENCE_SAVE_RECORDED count=1083 persistence deliberately disabled
NATIVE_PREFERENCE_SAVE_RECORDED count=1084 persistence deliberately disabled
NATIVE_PREFERENCE_SAVE_RECORDED count=1085 persistence deliberately disabled
NATIVE_PREFERENCE_SAVE_RECORDED count=1086 persistence deliberately disabled
NATIVE_PREFERENCE_SAVE_RECORDED count=1087 persistence deliberately disabled
NATIVE_PREFERENCE_SAVE_RECORDED count=1088 persistence deliberately disabled
NATIVE_PREFERENCE_SAVE_RECORDED count=1089 persistence deliberately disabled
NATIVE_PREFERENCE_SAVE_RECORDED count=1090 persistence deliberately disabled
NATIVE_PREFERENCE_SAVE_RECORDED count=1091 persistence deliberately disabled
NATIVE_PREFERENCE_SAVE_RECORDED count=1092 persistence deliberately disabled
NATIVE_PREFERENCE_SAVE_RECORDED count=1093 persistence deliberately disabled
NATIVE_PREFERENCE_SAVE_RECORDED count=1094 persistence deliberately disabled
NATIVE_PREFERENCE_SAVE_RECORDED count=1095 persistence deliberately disabled
NATIVE_PREFERENCE_SAVE_RECORDED count=1096 persistence deliberately disabled
NATIVE_PREFERENCE_SAVE_RECORDED count=1097 persistence deliberately disabled
NATIVE_PREFERENCE_SAVE_RECORDED count=1098 persistence deliberately disabled
NATIVE_PREFERENCE_SAVE_RECORDED count=1099 persistence deliberately disabled
NATIVE_PREFERENCE_SAVE_RECORDED count=1100 persistence deliberately disabled
NATIVE_PREFERENCE_SAVE_RECORDED count=1101 persistence deliberately disabled
NATIVE_PREFERENCE_SAVE_RECORDED count=1102 persistence deliberately disabled
NATIVE_PREFERENCE_SAVE_RECORDED count=1103 persistence deliberately disabled
NATIVE_PREFERENCE_SAVE_RECORDED count=1104 persistence deliberately disabled
NATIVE_PREFERENCE_SAVE_RECORDED count=1105 persistence deliberately disabled
NATIVE_PREFERENCE_SAVE_RECORDED count=1106 persistence deliberately disabled
NATIVE_PREFERENCE_SAVE_RECORDED count=1107 persistence deliberately disabled
NATIVE_PREFERENCE_SAVE_RECORDED count=1108 persistence deliberately disabled
CAPTURE hud/native-smithing-bronze 1920x1080 pixels=1441537
NATIVE_PREFERENCE_SAVE_RECORDED count=1109 persistence deliberately disabled
NATIVE_PREFERENCE_SAVE_RECORDED count=1110 persistence deliberately disabled
NATIVE_PREFERENCE_SAVE_RECORDED count=1111 persistence deliberately disabled
NATIVE_PREFERENCE_SAVE_RECORDED count=1112 persistence deliberately disabled
CAPTURE hud/native-death-preview-populated 1920x1080 pixels=1443216
NATIVE_PREFERENCE_SAVE_RECORDED count=1113 persistence deliberately disabled
NATIVE_PREFERENCE_SAVE_RECORDED count=1114 persistence deliberately disabled
NATIVE_PREFERENCE_SAVE_RECORDED count=1115 persistence deliberately disabled
NATIVE_PREFERENCE_SAVE_RECORDED count=1116 persistence deliberately disabled
NATIVE_PREFERENCE_SAVE_RECORDED count=1117 persistence deliberately disabled
NATIVE_PREFERENCE_SAVE_RECORDED count=1118 persistence deliberately disabled
NATIVE_PREFERENCE_SAVE_RECORDED count=1119 persistence deliberately disabled
NATIVE_PREFERENCE_SAVE_RECORDED count=1120 persistence deliberately disabled
CAPTURE hud/native-reward-fields 1920x1080 pixels=1435122
NATIVE_PREFERENCE_SAVE_RECORDED count=1121 persistence deliberately disabled
NATIVE_PREFERENCE_SAVE_RECORDED count=1122 persistence deliberately disabled
NATIVE_PREFERENCE_SAVE_RECORDED count=1123 persistence deliberately disabled
NATIVE_PREFERENCE_SAVE_RECORDED count=1124 persistence deliberately disabled
NATIVE_WIDGET_GROUP 116 count=140
NATIVE_ONLOAD widget=7602177 script=[3909, -2147483645]
NATIVE_ONLOAD widget=7602179 script=[392, -2147483645]
NATIVE_ONLOAD widget=7602181 script=[5523, -2147483645, 7602315]
NATIVE_ONLOAD widget=7602182 script=[4564, 7602182, 7602214, 7602210, 7602212, 7602218, 7602315, 7602176]
NATIVE_ONLOAD widget=7602183 script=[4565, 7602183, 7602215, 7602210, 7602212, 7602218, 7602315, 7602176]
NATIVE_ONLOAD widget=7602184 script=[3908, 7602207, 7602205, 7602206, 7602209, 7602315]
NATIVE_ONLOAD widget=7602201 script=[381, 7602188, 7602199, 7602200, 7602315]
NATIVE_PREFERENCE_SAVE_RECORDED count=1125 persistence deliberately disabled
NATIVE_ONLOAD widget=7602203 script=[7990]
NATIVE_ONLOAD widget=7602204 script=[7991]
NATIVE_ONLOAD widget=7602208 script=[3903, -2147483645, 7602315]
NATIVE_ONLOAD widget=7602212 script=[714, -2147483645]
NATIVE_ONLOAD widget=7602219 script=[831, 7602219, 7602220, 7602221, 7602232, 7602233, 7602315]
NATIVE_ONLOAD widget=7602259 script=[7099, 7602272, 7602270, 7602271, 7602315, -2147483645]
NATIVE_ONLOAD widget=7602273 script=[3933, 7602286, 7602284, 7602285, 7602315, -2147483645]
NATIVE_ONLOAD widget=7602287 script=[3934, 7602300, 7602298, 7602299, 7602315, -2147483645]
NATIVE_ONLOAD widget=7602301 script=[3935, 7602314, 7602312, 7602313, 7602315, -2147483645]
NATIVE_PREFERENCE_SAVE_RECORDED count=1126 persistence deliberately disabled
NATIVE_PREFERENCE_SAVE_RECORDED count=1127 persistence deliberately disabled
NATIVE_PREFERENCE_SAVE_RECORDED count=1128 persistence deliberately disabled
NATIVE_PREFERENCE_SAVE_RECORDED count=1129 persistence deliberately disabled
NATIVE_PREFERENCE_SAVE_RECORDED count=1130 persistence deliberately disabled
NATIVE_PREFERENCE_SAVE_RECORDED count=1131 persistence deliberately disabled
NATIVE_PREFERENCE_SAVE_RECORDED count=1132 persistence deliberately disabled
NATIVE_PREFERENCE_SAVE_RECORDED count=1133 persistence deliberately disabled
CAPTURE hud/native-audio-default 1920x1080 pixels=1431525
NATIVE_WIDGET_GROUP 116 count=140
NATIVE_ONLOAD widget=7602177 script=[3909, -2147483645]
NATIVE_ONLOAD widget=7602179 script=[392, -2147483645]
NATIVE_ONLOAD widget=7602181 script=[5523, -2147483645, 7602315]
NATIVE_ONLOAD widget=7602182 script=[4564, 7602182, 7602214, 7602210, 7602212, 7602218, 7602315, 7602176]
NATIVE_ONLOAD widget=7602183 script=[4565, 7602183, 7602215, 7602210, 7602212, 7602218, 7602315, 7602176]
NATIVE_ONLOAD widget=7602184 script=[3908, 7602207, 7602205, 7602206, 7602209, 7602315]
NATIVE_ONLOAD widget=7602201 script=[381, 7602188, 7602199, 7602200, 7602315]
NATIVE_PREFERENCE_SAVE_RECORDED count=1134 persistence deliberately disabled
NATIVE_ONLOAD widget=7602203 script=[7990]
NATIVE_ONLOAD widget=7602204 script=[7991]
NATIVE_ONLOAD widget=7602208 script=[3903, -2147483645, 7602315]
NATIVE_ONLOAD widget=7602212 script=[714, -2147483645]
NATIVE_ONLOAD widget=7602219 script=[831, 7602219, 7602220, 7602221, 7602232, 7602233, 7602315]
NATIVE_ONLOAD widget=7602259 script=[7099, 7602272, 7602270, 7602271, 7602315, -2147483645]
NATIVE_ONLOAD widget=7602273 script=[3933, 7602286, 7602284, 7602285, 7602315, -2147483645]
NATIVE_ONLOAD widget=7602287 script=[3934, 7602300, 7602298, 7602299, 7602315, -2147483645]
NATIVE_ONLOAD widget=7602301 script=[3935, 7602314, 7602312, 7602313, 7602315, -2147483645]
NATIVE_PREFERENCE_SAVE_RECORDED count=1135 persistence deliberately disabled
NATIVE_PREFERENCE_SAVE_RECORDED count=1136 persistence deliberately disabled
NATIVE_PREFERENCE_SAVE_RECORDED count=1137 persistence deliberately disabled
NATIVE_PREFERENCE_SAVE_RECORDED count=1138 persistence deliberately disabled
NATIVE_PREFERENCE_SAVE_RECORDED count=1139 persistence deliberately disabled
NATIVE_PREFERENCE_SAVE_RECORDED count=1140 persistence deliberately disabled
NATIVE_PREFERENCE_SAVE_RECORDED count=1141 persistence deliberately disabled
NATIVE_PREFERENCE_SAVE_RECORDED count=1142 persistence deliberately disabled
CAPTURE hud/native-audio-master-0 1920x1080 pixels=1431525
NATIVE_WIDGET_GROUP 116 count=140
NATIVE_ONLOAD widget=7602177 script=[3909, -2147483645]
NATIVE_ONLOAD widget=7602179 script=[392, -2147483645]
NATIVE_ONLOAD widget=7602181 script=[5523, -2147483645, 7602315]
NATIVE_ONLOAD widget=7602182 script=[4564, 7602182, 7602214, 7602210, 7602212, 7602218, 7602315, 7602176]
NATIVE_ONLOAD widget=7602183 script=[4565, 7602183, 7602215, 7602210, 7602212, 7602218, 7602315, 7602176]
NATIVE_ONLOAD widget=7602184 script=[3908, 7602207, 7602205, 7602206, 7602209, 7602315]
NATIVE_ONLOAD widget=7602201 script=[381, 7602188, 7602199, 7602200, 7602315]
NATIVE_PREFERENCE_SAVE_RECORDED count=1143 persistence deliberately disabled
NATIVE_ONLOAD widget=7602203 script=[7990]
NATIVE_ONLOAD widget=7602204 script=[7991]
NATIVE_ONLOAD widget=7602208 script=[3903, -2147483645, 7602315]
NATIVE_ONLOAD widget=7602212 script=[714, -2147483645]
NATIVE_ONLOAD widget=7602219 script=[831, 7602219, 7602220, 7602221, 7602232, 7602233, 7602315]
NATIVE_ONLOAD widget=7602259 script=[7099, 7602272, 7602270, 7602271, 7602315, -2147483645]
NATIVE_ONLOAD widget=7602273 script=[3933, 7602286, 7602284, 7602285, 7602315, -2147483645]
NATIVE_ONLOAD widget=7602287 script=[3934, 7602300, 7602298, 7602299, 7602315, -2147483645]
NATIVE_ONLOAD widget=7602301 script=[3935, 7602314, 7602312, 7602313, 7602315, -2147483645]
NATIVE_PREFERENCE_SAVE_RECORDED count=1144 persistence deliberately disabled
NATIVE_PREFERENCE_SAVE_RECORDED count=1145 persistence deliberately disabled
NATIVE_PREFERENCE_SAVE_RECORDED count=1146 persistence deliberately disabled
NATIVE_PREFERENCE_SAVE_RECORDED count=1147 persistence deliberately disabled
NATIVE_PREFERENCE_SAVE_RECORDED count=1148 persistence deliberately disabled
NATIVE_PREFERENCE_SAVE_RECORDED count=1149 persistence deliberately disabled
NATIVE_PREFERENCE_SAVE_RECORDED count=1150 persistence deliberately disabled
NATIVE_PREFERENCE_SAVE_RECORDED count=1151 persistence deliberately disabled
CAPTURE hud/native-audio-master-50 1920x1080 pixels=1431525
NATIVE_WIDGET_GROUP 116 count=140
NATIVE_ONLOAD widget=7602177 script=[3909, -2147483645]
NATIVE_ONLOAD widget=7602179 script=[392, -2147483645]
NATIVE_ONLOAD widget=7602181 script=[5523, -2147483645, 7602315]
NATIVE_ONLOAD widget=7602182 script=[4564, 7602182, 7602214, 7602210, 7602212, 7602218, 7602315, 7602176]
NATIVE_ONLOAD widget=7602183 script=[4565, 7602183, 7602215, 7602210, 7602212, 7602218, 7602315, 7602176]
NATIVE_ONLOAD widget=7602184 script=[3908, 7602207, 7602205, 7602206, 7602209, 7602315]
NATIVE_ONLOAD widget=7602201 script=[381, 7602188, 7602199, 7602200, 7602315]
NATIVE_PREFERENCE_SAVE_RECORDED count=1152 persistence deliberately disabled
NATIVE_ONLOAD widget=7602203 script=[7990]
NATIVE_ONLOAD widget=7602204 script=[7991]
NATIVE_ONLOAD widget=7602208 script=[3903, -2147483645, 7602315]
NATIVE_ONLOAD widget=7602212 script=[714, -2147483645]
NATIVE_ONLOAD widget=7602219 script=[831, 7602219, 7602220, 7602221, 7602232, 7602233, 7602315]
NATIVE_ONLOAD widget=7602259 script=[7099, 7602272, 7602270, 7602271, 7602315, -2147483645]
NATIVE_ONLOAD widget=7602273 script=[3933, 7602286, 7602284, 7602285, 7602315, -2147483645]
NATIVE_ONLOAD widget=7602287 script=[3934, 7602300, 7602298, 7602299, 7602315, -2147483645]
NATIVE_ONLOAD widget=7602301 script=[3935, 7602314, 7602312, 7602313, 7602315, -2147483645]
NATIVE_PREFERENCE_SAVE_RECORDED count=1153 persistence deliberately disabled
NATIVE_PREFERENCE_SAVE_RECORDED count=1154 persistence deliberately disabled
NATIVE_PREFERENCE_SAVE_RECORDED count=1155 persistence deliberately disabled
NATIVE_PREFERENCE_SAVE_RECORDED count=1156 persistence deliberately disabled
NATIVE_PREFERENCE_SAVE_RECORDED count=1157 persistence deliberately disabled
NATIVE_PREFERENCE_SAVE_RECORDED count=1158 persistence deliberately disabled
NATIVE_PREFERENCE_SAVE_RECORDED count=1159 persistence deliberately disabled
NATIVE_PREFERENCE_SAVE_RECORDED count=1160 persistence deliberately disabled
CAPTURE hud/native-audio-music-0 1920x1080 pixels=1431525
NATIVE_WIDGET_GROUP 116 count=140
NATIVE_ONLOAD widget=7602177 script=[3909, -2147483645]
NATIVE_ONLOAD widget=7602179 script=[392, -2147483645]
NATIVE_ONLOAD widget=7602181 script=[5523, -2147483645, 7602315]
NATIVE_ONLOAD widget=7602182 script=[4564, 7602182, 7602214, 7602210, 7602212, 7602218, 7602315, 7602176]
NATIVE_ONLOAD widget=7602183 script=[4565, 7602183, 7602215, 7602210, 7602212, 7602218, 7602315, 7602176]
NATIVE_ONLOAD widget=7602184 script=[3908, 7602207, 7602205, 7602206, 7602209, 7602315]
NATIVE_ONLOAD widget=7602201 script=[381, 7602188, 7602199, 7602200, 7602315]
NATIVE_PREFERENCE_SAVE_RECORDED count=1161 persistence deliberately disabled
NATIVE_ONLOAD widget=7602203 script=[7990]
NATIVE_ONLOAD widget=7602204 script=[7991]
NATIVE_ONLOAD widget=7602208 script=[3903, -2147483645, 7602315]
NATIVE_ONLOAD widget=7602212 script=[714, -2147483645]
NATIVE_ONLOAD widget=7602219 script=[831, 7602219, 7602220, 7602221, 7602232, 7602233, 7602315]
NATIVE_ONLOAD widget=7602259 script=[7099, 7602272, 7602270, 7602271, 7602315, -2147483645]
NATIVE_ONLOAD widget=7602273 script=[3933, 7602286, 7602284, 7602285, 7602315, -2147483645]
NATIVE_ONLOAD widget=7602287 script=[3934, 7602300, 7602298, 7602299, 7602315, -2147483645]
NATIVE_ONLOAD widget=7602301 script=[3935, 7602314, 7602312, 7602313, 7602315, -2147483645]
NATIVE_PREFERENCE_SAVE_RECORDED count=1162 persistence deliberately disabled
NATIVE_PREFERENCE_SAVE_RECORDED count=1163 persistence deliberately disabled
NATIVE_PREFERENCE_SAVE_RECORDED count=1164 persistence deliberately disabled
NATIVE_PREFERENCE_SAVE_RECORDED count=1165 persistence deliberately disabled
NATIVE_PREFERENCE_SAVE_RECORDED count=1166 persistence deliberately disabled
NATIVE_PREFERENCE_SAVE_RECORDED count=1167 persistence deliberately disabled
NATIVE_PREFERENCE_SAVE_RECORDED count=1168 persistence deliberately disabled
NATIVE_PREFERENCE_SAVE_RECORDED count=1169 persistence deliberately disabled
CAPTURE hud/native-audio-music-50 1920x1080 pixels=1431525
NATIVE_WIDGET_GROUP 116 count=140
NATIVE_ONLOAD widget=7602177 script=[3909, -2147483645]
NATIVE_ONLOAD widget=7602179 script=[392, -2147483645]
NATIVE_ONLOAD widget=7602181 script=[5523, -2147483645, 7602315]
NATIVE_ONLOAD widget=7602182 script=[4564, 7602182, 7602214, 7602210, 7602212, 7602218, 7602315, 7602176]
NATIVE_ONLOAD widget=7602183 script=[4565, 7602183, 7602215, 7602210, 7602212, 7602218, 7602315, 7602176]
NATIVE_ONLOAD widget=7602184 script=[3908, 7602207, 7602205, 7602206, 7602209, 7602315]
NATIVE_ONLOAD widget=7602201 script=[381, 7602188, 7602199, 7602200, 7602315]
NATIVE_PREFERENCE_SAVE_RECORDED count=1170 persistence deliberately disabled
NATIVE_ONLOAD widget=7602203 script=[7990]
NATIVE_ONLOAD widget=7602204 script=[7991]
NATIVE_ONLOAD widget=7602208 script=[3903, -2147483645, 7602315]
NATIVE_ONLOAD widget=7602212 script=[714, -2147483645]
NATIVE_ONLOAD widget=7602219 script=[831, 7602219, 7602220, 7602221, 7602232, 7602233, 7602315]
NATIVE_ONLOAD widget=7602259 script=[7099, 7602272, 7602270, 7602271, 7602315, -2147483645]
NATIVE_ONLOAD widget=7602273 script=[3933, 7602286, 7602284, 7602285, 7602315, -2147483645]
NATIVE_ONLOAD widget=7602287 script=[3934, 7602300, 7602298, 7602299, 7602315, -2147483645]
NATIVE_ONLOAD widget=7602301 script=[3935, 7602314, 7602312, 7602313, 7602315, -2147483645]
NATIVE_PREFERENCE_SAVE_RECORDED count=1171 persistence deliberately disabled
NATIVE_PREFERENCE_SAVE_RECORDED count=1172 persistence deliberately disabled
NATIVE_PREFERENCE_SAVE_RECORDED count=1173 persistence deliberately disabled
NATIVE_PREFERENCE_SAVE_RECORDED count=1174 persistence deliberately disabled
NATIVE_PREFERENCE_SAVE_RECORDED count=1175 persistence deliberately disabled
NATIVE_PREFERENCE_SAVE_RECORDED count=1176 persistence deliberately disabled
NATIVE_PREFERENCE_SAVE_RECORDED count=1177 persistence deliberately disabled
NATIVE_PREFERENCE_SAVE_RECORDED count=1178 persistence deliberately disabled
CAPTURE hud/native-audio-effects-0 1920x1080 pixels=1431525
NATIVE_WIDGET_GROUP 116 count=140
NATIVE_ONLOAD widget=7602177 script=[3909, -2147483645]
NATIVE_ONLOAD widget=7602179 script=[392, -2147483645]
NATIVE_ONLOAD widget=7602181 script=[5523, -2147483645, 7602315]
NATIVE_ONLOAD widget=7602182 script=[4564, 7602182, 7602214, 7602210, 7602212, 7602218, 7602315, 7602176]
NATIVE_ONLOAD widget=7602183 script=[4565, 7602183, 7602215, 7602210, 7602212, 7602218, 7602315, 7602176]
NATIVE_ONLOAD widget=7602184 script=[3908, 7602207, 7602205, 7602206, 7602209, 7602315]
NATIVE_ONLOAD widget=7602201 script=[381, 7602188, 7602199, 7602200, 7602315]
NATIVE_PREFERENCE_SAVE_RECORDED count=1179 persistence deliberately disabled
NATIVE_ONLOAD widget=7602203 script=[7990]
NATIVE_ONLOAD widget=7602204 script=[7991]
NATIVE_ONLOAD widget=7602208 script=[3903, -2147483645, 7602315]
NATIVE_ONLOAD widget=7602212 script=[714, -2147483645]
NATIVE_ONLOAD widget=7602219 script=[831, 7602219, 7602220, 7602221, 7602232, 7602233, 7602315]
NATIVE_ONLOAD widget=7602259 script=[7099, 7602272, 7602270, 7602271, 7602315, -2147483645]
NATIVE_ONLOAD widget=7602273 script=[3933, 7602286, 7602284, 7602285, 7602315, -2147483645]
NATIVE_ONLOAD widget=7602287 script=[3934, 7602300, 7602298, 7602299, 7602315, -2147483645]
NATIVE_ONLOAD widget=7602301 script=[3935, 7602314, 7602312, 7602313, 7602315, -2147483645]
NATIVE_PREFERENCE_SAVE_RECORDED count=1180 persistence deliberately disabled
NATIVE_PREFERENCE_SAVE_RECORDED count=1181 persistence deliberately disabled
NATIVE_PREFERENCE_SAVE_RECORDED count=1182 persistence deliberately disabled
NATIVE_PREFERENCE_SAVE_RECORDED count=1183 persistence deliberately disabled
NATIVE_PREFERENCE_SAVE_RECORDED count=1184 persistence deliberately disabled
NATIVE_PREFERENCE_SAVE_RECORDED count=1185 persistence deliberately disabled
NATIVE_PREFERENCE_SAVE_RECORDED count=1186 persistence deliberately disabled
NATIVE_PREFERENCE_SAVE_RECORDED count=1187 persistence deliberately disabled
CAPTURE hud/native-audio-area-0 1920x1080 pixels=1431525
NATIVE_WIDGET_GROUP 116 count=140
NATIVE_ONLOAD widget=7602177 script=[3909, -2147483645]
NATIVE_ONLOAD widget=7602179 script=[392, -2147483645]
NATIVE_ONLOAD widget=7602181 script=[5523, -2147483645, 7602315]
NATIVE_ONLOAD widget=7602182 script=[4564, 7602182, 7602214, 7602210, 7602212, 7602218, 7602315, 7602176]
NATIVE_ONLOAD widget=7602183 script=[4565, 7602183, 7602215, 7602210, 7602212, 7602218, 7602315, 7602176]
NATIVE_ONLOAD widget=7602184 script=[3908, 7602207, 7602205, 7602206, 7602209, 7602315]
NATIVE_ONLOAD widget=7602201 script=[381, 7602188, 7602199, 7602200, 7602315]
NATIVE_PREFERENCE_SAVE_RECORDED count=1188 persistence deliberately disabled
NATIVE_ONLOAD widget=7602203 script=[7990]
NATIVE_ONLOAD widget=7602204 script=[7991]
NATIVE_ONLOAD widget=7602208 script=[3903, -2147483645, 7602315]
NATIVE_ONLOAD widget=7602212 script=[714, -2147483645]
NATIVE_ONLOAD widget=7602219 script=[831, 7602219, 7602220, 7602221, 7602232, 7602233, 7602315]
NATIVE_ONLOAD widget=7602259 script=[7099, 7602272, 7602270, 7602271, 7602315, -2147483645]
NATIVE_ONLOAD widget=7602273 script=[3933, 7602286, 7602284, 7602285, 7602315, -2147483645]
NATIVE_ONLOAD widget=7602287 script=[3934, 7602300, 7602298, 7602299, 7602315, -2147483645]
NATIVE_ONLOAD widget=7602301 script=[3935, 7602314, 7602312, 7602313, 7602315, -2147483645]
NATIVE_PREFERENCE_SAVE_RECORDED count=1189 persistence deliberately disabled
NATIVE_PREFERENCE_SAVE_RECORDED count=1190 persistence deliberately disabled
NATIVE_PREFERENCE_SAVE_RECORDED count=1191 persistence deliberately disabled
NATIVE_PREFERENCE_SAVE_RECORDED count=1192 persistence deliberately disabled
NATIVE_PREFERENCE_SAVE_RECORDED count=1193 persistence deliberately disabled
NATIVE_PREFERENCE_SAVE_RECORDED count=1194 persistence deliberately disabled
NATIVE_PREFERENCE_SAVE_RECORDED count=1195 persistence deliberately disabled
NATIVE_PREFERENCE_SAVE_RECORDED count=1196 persistence deliberately disabled
CAPTURE hud/native-audio-mixed 1920x1080 pixels=1431525
NATIVE_WIDGET_GROUP 116 count=140
NATIVE_ONLOAD widget=7602177 script=[3909, -2147483645]
NATIVE_ONLOAD widget=7602179 script=[392, -2147483645]
NATIVE_ONLOAD widget=7602181 script=[5523, -2147483645, 7602315]
NATIVE_ONLOAD widget=7602182 script=[4564, 7602182, 7602214, 7602210, 7602212, 7602218, 7602315, 7602176]
NATIVE_ONLOAD widget=7602183 script=[4565, 7602183, 7602215, 7602210, 7602212, 7602218, 7602315, 7602176]
NATIVE_ONLOAD widget=7602184 script=[3908, 7602207, 7602205, 7602206, 7602209, 7602315]
NATIVE_ONLOAD widget=7602201 script=[381, 7602188, 7602199, 7602200, 7602315]
NATIVE_PREFERENCE_SAVE_RECORDED count=1197 persistence deliberately disabled
NATIVE_ONLOAD widget=7602203 script=[7990]
NATIVE_ONLOAD widget=7602204 script=[7991]
NATIVE_ONLOAD widget=7602208 script=[3903, -2147483645, 7602315]
NATIVE_ONLOAD widget=7602212 script=[714, -2147483645]
NATIVE_ONLOAD widget=7602219 script=[831, 7602219, 7602220, 7602221, 7602232, 7602233, 7602315]
NATIVE_ONLOAD widget=7602259 script=[7099, 7602272, 7602270, 7602271, 7602315, -2147483645]
NATIVE_ONLOAD widget=7602273 script=[3933, 7602286, 7602284, 7602285, 7602315, -2147483645]
NATIVE_ONLOAD widget=7602287 script=[3934, 7602300, 7602298, 7602299, 7602315, -2147483645]
NATIVE_ONLOAD widget=7602301 script=[3935, 7602314, 7602312, 7602313, 7602315, -2147483645]
NATIVE_PREFERENCE_SAVE_RECORDED count=1198 persistence deliberately disabled
NATIVE_PREFERENCE_SAVE_RECORDED count=1199 persistence deliberately disabled
NATIVE_PREFERENCE_SAVE_RECORDED count=1200 persistence deliberately disabled
NATIVE_PREFERENCE_SAVE_RECORDED count=1201 persistence deliberately disabled
NATIVE_PREFERENCE_SAVE_RECORDED count=1202 persistence deliberately disabled
NATIVE_PREFERENCE_SAVE_RECORDED count=1203 persistence deliberately disabled
NATIVE_PREFERENCE_SAVE_RECORDED count=1204 persistence deliberately disabled
NATIVE_PREFERENCE_SAVE_RECORDED count=1205 persistence deliberately disabled
CAPTURE hud/native-audio-channel-boundaries 1920x1080 pixels=1431525
NATIVE_WIDGET_GROUP 239 count=23
NATIVE_ONLOAD widget=15663104 script=[250, -2147483645, 15663112, 15663115, 15663113, 15663116, 15663109, 15663120, 15663118, 15663119, 15663121, 15663122, 15663124, 15663125, 15663126, 15663108, 15663114]
NATIVE_ONLOAD widget=15663110 script=[392, -2147483645]
NATIVE_PREFERENCE_SAVE_RECORDED count=1206 persistence deliberately disabled
NATIVE_PREFERENCE_SAVE_RECORDED count=1207 persistence deliberately disabled
NATIVE_PREFERENCE_SAVE_RECORDED count=1208 persistence deliberately disabled
NATIVE_PREFERENCE_SAVE_RECORDED count=1209 persistence deliberately disabled
NATIVE_PREFERENCE_SAVE_RECORDED count=1210 persistence deliberately disabled
NATIVE_PREFERENCE_SAVE_RECORDED count=1211 persistence deliberately disabled
NATIVE_PREFERENCE_SAVE_RECORDED count=1212 persistence deliberately disabled
NATIVE_PREFERENCE_SAVE_RECORDED count=1213 persistence deliberately disabled
CAPTURE hud/native-music-mode-0 1920x1080 pixels=1430070
NATIVE_WIDGET_GROUP 239 count=23
NATIVE_ONLOAD widget=15663104 script=[250, -2147483645, 15663112, 15663115, 15663113, 15663116, 15663109, 15663120, 15663118, 15663119, 15663121, 15663122, 15663124, 15663125, 15663126, 15663108, 15663114]
NATIVE_ONLOAD widget=15663110 script=[392, -2147483645]
NATIVE_PREFERENCE_SAVE_RECORDED count=1214 persistence deliberately disabled
NATIVE_PREFERENCE_SAVE_RECORDED count=1215 persistence deliberately disabled
NATIVE_PREFERENCE_SAVE_RECORDED count=1216 persistence deliberately disabled
NATIVE_PREFERENCE_SAVE_RECORDED count=1217 persistence deliberately disabled
NATIVE_PREFERENCE_SAVE_RECORDED count=1218 persistence deliberately disabled
NATIVE_PREFERENCE_SAVE_RECORDED count=1219 persistence deliberately disabled
NATIVE_PREFERENCE_SAVE_RECORDED count=1220 persistence deliberately disabled
NATIVE_PREFERENCE_SAVE_RECORDED count=1221 persistence deliberately disabled
CAPTURE hud/native-music-mode-1 1920x1080 pixels=1430070
NATIVE_WIDGET_GROUP 239 count=23
NATIVE_ONLOAD widget=15663104 script=[250, -2147483645, 15663112, 15663115, 15663113, 15663116, 15663109, 15663120, 15663118, 15663119, 15663121, 15663122, 15663124, 15663125, 15663126, 15663108, 15663114]
NATIVE_ONLOAD widget=15663110 script=[392, -2147483645]
NATIVE_PREFERENCE_SAVE_RECORDED count=1222 persistence deliberately disabled
NATIVE_PREFERENCE_SAVE_RECORDED count=1223 persistence deliberately disabled
NATIVE_PREFERENCE_SAVE_RECORDED count=1224 persistence deliberately disabled
NATIVE_PREFERENCE_SAVE_RECORDED count=1225 persistence deliberately disabled
NATIVE_PREFERENCE_SAVE_RECORDED count=1226 persistence deliberately disabled
NATIVE_PREFERENCE_SAVE_RECORDED count=1227 persistence deliberately disabled
NATIVE_PREFERENCE_SAVE_RECORDED count=1228 persistence deliberately disabled
NATIVE_PREFERENCE_SAVE_RECORDED count=1229 persistence deliberately disabled
CAPTURE hud/native-music-mode-2 1920x1080 pixels=1430070
NATIVE_WIDGET_GROUP 239 count=23
NATIVE_ONLOAD widget=15663104 script=[250, -2147483645, 15663112, 15663115, 15663113, 15663116, 15663109, 15663120, 15663118, 15663119, 15663121, 15663122, 15663124, 15663125, 15663126, 15663108, 15663114]
NATIVE_ONLOAD widget=15663110 script=[392, -2147483645]
NATIVE_PREFERENCE_SAVE_RECORDED count=1230 persistence deliberately disabled
NATIVE_PREFERENCE_SAVE_RECORDED count=1231 persistence deliberately disabled
NATIVE_PREFERENCE_SAVE_RECORDED count=1232 persistence deliberately disabled
NATIVE_PREFERENCE_SAVE_RECORDED count=1233 persistence deliberately disabled
CAPTURE hud/native-music-filter-open 1920x1080 pixels=1429775
NATIVE_PREFERENCE_SAVE_RECORDED count=1234 persistence deliberately disabled
NATIVE_PREFERENCE_SAVE_RECORDED count=1235 persistence deliberately disabled
NATIVE_PREFERENCE_SAVE_RECORDED count=1236 persistence deliberately disabled
NATIVE_PREFERENCE_SAVE_RECORDED count=1237 persistence deliberately disabled
NATIVE_WIDGET_GROUP 134 count=32
NATIVE_ONLOAD widget=8781825 script=[3826, 8781824, -2147483645, 8781827, 8781828, 8781829, 8781830, 8781831, 8781855, 8781848, 8781849, 8781844, 8781843, 8781845, 8781838, 8781851, 8781850, 8781853, 8781854, 8781847, 8781846, 8781842, 8781835, 8781836, 8781826]
NATIVE_ONLOAD widget=8781839 script=[714, -2147483645]
NATIVE_ONLOAD widget=8781840 script=[714, -2147483645]
NATIVE_ONLOAD widget=8781851 script=[714, -2147483645]
NATIVE_PREFERENCE_SAVE_RECORDED count=1238 persistence deliberately disabled
NATIVE_PREFERENCE_SAVE_RECORDED count=1239 persistence deliberately disabled
NATIVE_PREFERENCE_SAVE_RECORDED count=1240 persistence deliberately disabled
NATIVE_PREFERENCE_SAVE_RECORDED count=1241 persistence deliberately disabled
CAPTURE hud/bounded-settings-activities 1920x1080 pixels=1951307
NATIVE_WIDGET_GROUP 134 count=32
NATIVE_ONLOAD widget=8781825 script=[3826, 8781824, -2147483645, 8781827, 8781828, 8781829, 8781830, 8781831, 8781855, 8781848, 8781849, 8781844, 8781843, 8781845, 8781838, 8781851, 8781850, 8781853, 8781854, 8781847, 8781846, 8781842, 8781835, 8781836, 8781826]
NATIVE_ONLOAD widget=8781839 script=[714, -2147483645]
NATIVE_ONLOAD widget=8781840 script=[714, -2147483645]
NATIVE_ONLOAD widget=8781851 script=[714, -2147483645]
NATIVE_PREFERENCE_SAVE_RECORDED count=1242 persistence deliberately disabled
NATIVE_PREFERENCE_SAVE_RECORDED count=1243 persistence deliberately disabled
NATIVE_PREFERENCE_SAVE_RECORDED count=1244 persistence deliberately disabled
NATIVE_PREFERENCE_SAVE_RECORDED count=1245 persistence deliberately disabled
CAPTURE hud/bounded-settings-audio 1920x1080 pixels=1951565
NATIVE_WIDGET_GROUP 134 count=32
NATIVE_ONLOAD widget=8781825 script=[3826, 8781824, -2147483645, 8781827, 8781828, 8781829, 8781830, 8781831, 8781855, 8781848, 8781849, 8781844, 8781843, 8781845, 8781838, 8781851, 8781850, 8781853, 8781854, 8781847, 8781846, 8781842, 8781835, 8781836, 8781826]
NATIVE_ONLOAD widget=8781839 script=[714, -2147483645]
NATIVE_ONLOAD widget=8781840 script=[714, -2147483645]
NATIVE_ONLOAD widget=8781851 script=[714, -2147483645]
NATIVE_PREFERENCE_SAVE_RECORDED count=1246 persistence deliberately disabled
NATIVE_PREFERENCE_SAVE_RECORDED count=1247 persistence deliberately disabled
NATIVE_PREFERENCE_SAVE_RECORDED count=1248 persistence deliberately disabled
NATIVE_PREFERENCE_SAVE_RECORDED count=1249 persistence deliberately disabled
CAPTURE hud/bounded-settings-chat 1920x1080 pixels=1950518
NATIVE_WIDGET_GROUP 134 count=32
NATIVE_ONLOAD widget=8781825 script=[3826, 8781824, -2147483645, 8781827, 8781828, 8781829, 8781830, 8781831, 8781855, 8781848, 8781849, 8781844, 8781843, 8781845, 8781838, 8781851, 8781850, 8781853, 8781854, 8781847, 8781846, 8781842, 8781835, 8781836, 8781826]
NATIVE_ONLOAD widget=8781839 script=[714, -2147483645]
NATIVE_ONLOAD widget=8781840 script=[714, -2147483645]
NATIVE_ONLOAD widget=8781851 script=[714, -2147483645]
NATIVE_PREFERENCE_SAVE_RECORDED count=1250 persistence deliberately disabled
NATIVE_PREFERENCE_SAVE_RECORDED count=1251 persistence deliberately disabled
NATIVE_PREFERENCE_SAVE_RECORDED count=1252 persistence deliberately disabled
NATIVE_PREFERENCE_SAVE_RECORDED count=1253 persistence deliberately disabled
CAPTURE hud/bounded-settings-controls 1920x1080 pixels=1951726
NATIVE_WIDGET_GROUP 134 count=32
NATIVE_ONLOAD widget=8781825 script=[3826, 8781824, -2147483645, 8781827, 8781828, 8781829, 8781830, 8781831, 8781855, 8781848, 8781849, 8781844, 8781843, 8781845, 8781838, 8781851, 8781850, 8781853, 8781854, 8781847, 8781846, 8781842, 8781835, 8781836, 8781826]
NATIVE_ONLOAD widget=8781839 script=[714, -2147483645]
NATIVE_ONLOAD widget=8781840 script=[714, -2147483645]
NATIVE_ONLOAD widget=8781851 script=[714, -2147483645]
NATIVE_PREFERENCE_SAVE_RECORDED count=1254 persistence deliberately disabled
NATIVE_PREFERENCE_SAVE_RECORDED count=1255 persistence deliberately disabled
NATIVE_PREFERENCE_SAVE_RECORDED count=1256 persistence deliberately disabled
NATIVE_PREFERENCE_SAVE_RECORDED count=1257 persistence deliberately disabled
CAPTURE hud/bounded-settings-display 1920x1080 pixels=1950993
NATIVE_WIDGET_GROUP 134 count=32
NATIVE_ONLOAD widget=8781825 script=[3826, 8781824, -2147483645, 8781827, 8781828, 8781829, 8781830, 8781831, 8781855, 8781848, 8781849, 8781844, 8781843, 8781845, 8781838, 8781851, 8781850, 8781853, 8781854, 8781847, 8781846, 8781842, 8781835, 8781836, 8781826]
NATIVE_ONLOAD widget=8781839 script=[714, -2147483645]
NATIVE_ONLOAD widget=8781840 script=[714, -2147483645]
NATIVE_ONLOAD widget=8781851 script=[714, -2147483645]
NATIVE_PREFERENCE_SAVE_RECORDED count=1258 persistence deliberately disabled
NATIVE_PREFERENCE_SAVE_RECORDED count=1259 persistence deliberately disabled
NATIVE_PREFERENCE_SAVE_RECORDED count=1260 persistence deliberately disabled
NATIVE_PREFERENCE_SAVE_RECORDED count=1261 persistence deliberately disabled
CAPTURE hud/bounded-settings-gameplay 1920x1080 pixels=1951080
NATIVE_WIDGET_GROUP 134 count=32
NATIVE_ONLOAD widget=8781825 script=[3826, 8781824, -2147483645, 8781827, 8781828, 8781829, 8781830, 8781831, 8781855, 8781848, 8781849, 8781844, 8781843, 8781845, 8781838, 8781851, 8781850, 8781853, 8781854, 8781847, 8781846, 8781842, 8781835, 8781836, 8781826]
NATIVE_ONLOAD widget=8781839 script=[714, -2147483645]
NATIVE_ONLOAD widget=8781840 script=[714, -2147483645]
NATIVE_ONLOAD widget=8781851 script=[714, -2147483645]
NATIVE_PREFERENCE_SAVE_RECORDED count=1262 persistence deliberately disabled
NATIVE_PREFERENCE_SAVE_RECORDED count=1263 persistence deliberately disabled
NATIVE_PREFERENCE_SAVE_RECORDED count=1264 persistence deliberately disabled
NATIVE_PREFERENCE_SAVE_RECORDED count=1265 persistence deliberately disabled
CAPTURE hud/bounded-settings-interfaces 1920x1080 pixels=1951364
NATIVE_WIDGET_GROUP 134 count=32
NATIVE_ONLOAD widget=8781825 script=[3826, 8781824, -2147483645, 8781827, 8781828, 8781829, 8781830, 8781831, 8781855, 8781848, 8781849, 8781844, 8781843, 8781845, 8781838, 8781851, 8781850, 8781853, 8781854, 8781847, 8781846, 8781842, 8781835, 8781836, 8781826]
NATIVE_ONLOAD widget=8781839 script=[714, -2147483645]
NATIVE_ONLOAD widget=8781840 script=[714, -2147483645]
NATIVE_ONLOAD widget=8781851 script=[714, -2147483645]
NATIVE_PREFERENCE_SAVE_RECORDED count=1266 persistence deliberately disabled
NATIVE_PREFERENCE_SAVE_RECORDED count=1267 persistence deliberately disabled
NATIVE_PREFERENCE_SAVE_RECORDED count=1268 persistence deliberately disabled
NATIVE_PREFERENCE_SAVE_RECORDED count=1269 persistence deliberately disabled
CAPTURE hud/bounded-settings-warnings 1920x1080 pixels=1950543
NATIVE_WIDGET_GROUP 134 count=32
NATIVE_ONLOAD widget=8781825 script=[3826, 8781824, -2147483645, 8781827, 8781828, 8781829, 8781830, 8781831, 8781855, 8781848, 8781849, 8781844, 8781843, 8781845, 8781838, 8781851, 8781850, 8781853, 8781854, 8781847, 8781846, 8781842, 8781835, 8781836, 8781826]
NATIVE_ONLOAD widget=8781839 script=[714, -2147483645]
NATIVE_ONLOAD widget=8781840 script=[714, -2147483645]
NATIVE_ONLOAD widget=8781851 script=[714, -2147483645]
NATIVE_PREFERENCE_SAVE_RECORDED count=1270 persistence deliberately disabled
NATIVE_PREFERENCE_SAVE_RECORDED count=1271 persistence deliberately disabled
NATIVE_PREFERENCE_SAVE_RECORDED count=1272 persistence deliberately disabled
NATIVE_PREFERENCE_SAVE_RECORDED count=1273 persistence deliberately disabled
CAPTURE hud/bounded-settings-search-zoom 1920x1080 pixels=1954777
NATIVE_WIDGET_GROUP 134 count=32
NATIVE_ONLOAD widget=8781825 script=[3826, 8781824, -2147483645, 8781827, 8781828, 8781829, 8781830, 8781831, 8781855, 8781848, 8781849, 8781844, 8781843, 8781845, 8781838, 8781851, 8781850, 8781853, 8781854, 8781847, 8781846, 8781842, 8781835, 8781836, 8781826]
NATIVE_ONLOAD widget=8781839 script=[714, -2147483645]
NATIVE_ONLOAD widget=8781840 script=[714, -2147483645]
NATIVE_ONLOAD widget=8781851 script=[714, -2147483645]
NATIVE_PREFERENCE_SAVE_RECORDED count=1274 persistence deliberately disabled
NATIVE_PREFERENCE_SAVE_RECORDED count=1275 persistence deliberately disabled
NATIVE_PREFERENCE_SAVE_RECORDED count=1276 persistence deliberately disabled
NATIVE_PREFERENCE_SAVE_RECORDED count=1277 persistence deliberately disabled
CAPTURE hud/bounded-settings-search-empty 1920x1080 pixels=1955254
NATIVE_PREFERENCE_SAVE_RECORDED count=1278 persistence deliberately disabled
NATIVE_PREFERENCE_SAVE_RECORDED count=1279 persistence deliberately disabled
NATIVE_PREFERENCE_SAVE_RECORDED count=1280 persistence deliberately disabled
NATIVE_PREFERENCE_SAVE_RECORDED count=1281 persistence deliberately disabled
NATIVE_PREFERENCE_SAVE_RECORDED count=1282 persistence deliberately disabled
NATIVE_PREFERENCE_SAVE_RECORDED count=1283 persistence deliberately disabled
NATIVE_PREFERENCE_SAVE_RECORDED count=1284 persistence deliberately disabled
NATIVE_PREFERENCE_SAVE_RECORDED count=1285 persistence deliberately disabled
NATIVE_PREFERENCE_SAVE_RECORDED count=1286 persistence deliberately disabled
NATIVE_PREFERENCE_SAVE_RECORDED count=1287 persistence deliberately disabled
NATIVE_PREFERENCE_SAVE_RECORDED count=1288 persistence deliberately disabled
NATIVE_PREFERENCE_SAVE_RECORDED count=1289 persistence deliberately disabled
CAPTURE hud/bounded-bank-tabs 1920x1080 pixels=1448663
NATIVE_WIDGET_GROUP 12 count=158
NATIVE_ONLOAD widget=786433 script=[274, -2147483645, 786434, 786538, 786539, 786441, 786493, 786492, 786444, 786445, 786454, 786455, 786456, 786472, 786457, 786474, 786435, 786437, 786442, 786486, 786487, 786543, 786461, 786463, 786465, 786467, 786469, 786460, 786479, 786480, 786477, 786478, 786481, 786482, 786436, 786557]
NATIVE_ONLOAD widget=786500 script=[3281, 2777, 0]
NATIVE_ONLOAD widget=786511 script=[5023, -2147483645, 786551, 786550]
NATIVE_ONLOAD widget=786512 script=[7067, 786543, 786514, 786515, 786516, 786517, 786518, 786520, 786521, 786522, 786523, 786524, 786526, 786527, 786528, 786529, 786531, 786532, 786548, 786549]
NATIVE_ONLOAD widget=786534 script=[3517, 786534, 786512, 786535, 1, -1, -1]
NATIVE_ONLOAD widget=786535 script=[3517, 786547, 786512, 786535, 0, 786545, 786546]
NATIVE_ONLOAD widget=786537 script=[2567, -2147483645]
NATIVE_ONLOAD widget=786545 script=[9229, 786545, 786546]
NATIVE_ONLOAD widget=786558 script=[6078, -2147483645]
NATIVE_ONLOAD widget=786561 script=[517, -2147483645]
NATIVE_ONLOAD widget=786562 script=[1428, -2147483645, 786564, 786567, 786566, 786563]
NATIVE_ONLOAD widget=786572 script=[1270, -2147483645, 786573]
NATIVE_ONLOAD widget=786574 script=[2207, -2147483645]
NATIVE_ONLOAD widget=786575 script=[2208, -2147483645, 1]
NATIVE_ONLOAD widget=786577 script=[2208, -2147483645, 10]
NATIVE_ONLOAD widget=786579 script=[2208, -2147483645, 50]
NATIVE_ONLOAD widget=786581 script=[2208, -2147483645, X]
NATIVE_ONLOAD widget=786583 script=[2208, -2147483645, All]
NATIVE_ONLOAD widget=786585 script=[2211, -2147483645]
NATIVE_PREFERENCE_SAVE_RECORDED count=1290 persistence deliberately disabled
NATIVE_PREFERENCE_SAVE_RECORDED count=1291 persistence deliberately disabled
NATIVE_PREFERENCE_SAVE_RECORDED count=1292 persistence deliberately disabled
NATIVE_PREFERENCE_SAVE_RECORDED count=1293 persistence deliberately disabled
CAPTURE hud/bounded-bank-selected-tab 1920x1080 pixels=1448837
NATIVE_WIDGET_GROUP 12 count=158
NATIVE_ONLOAD widget=786433 script=[274, -2147483645, 786434, 786538, 786539, 786441, 786493, 786492, 786444, 786445, 786454, 786455, 786456, 786472, 786457, 786474, 786435, 786437, 786442, 786486, 786487, 786543, 786461, 786463, 786465, 786467, 786469, 786460, 786479, 786480, 786477, 786478, 786481, 786482, 786436, 786557]
NATIVE_ONLOAD widget=786500 script=[3281, 2777, 0]
NATIVE_ONLOAD widget=786511 script=[5023, -2147483645, 786551, 786550]
NATIVE_ONLOAD widget=786512 script=[7067, 786543, 786514, 786515, 786516, 786517, 786518, 786520, 786521, 786522, 786523, 786524, 786526, 786527, 786528, 786529, 786531, 786532, 786548, 786549]
NATIVE_ONLOAD widget=786534 script=[3517, 786534, 786512, 786535, 1, -1, -1]
NATIVE_ONLOAD widget=786535 script=[3517, 786547, 786512, 786535, 0, 786545, 786546]
NATIVE_ONLOAD widget=786537 script=[2567, -2147483645]
NATIVE_ONLOAD widget=786545 script=[9229, 786545, 786546]
NATIVE_ONLOAD widget=786558 script=[6078, -2147483645]
NATIVE_ONLOAD widget=786561 script=[517, -2147483645]
NATIVE_ONLOAD widget=786562 script=[1428, -2147483645, 786564, 786567, 786566, 786563]
NATIVE_ONLOAD widget=786572 script=[1270, -2147483645, 786573]
NATIVE_ONLOAD widget=786574 script=[2207, -2147483645]
NATIVE_ONLOAD widget=786575 script=[2208, -2147483645, 1]
NATIVE_ONLOAD widget=786577 script=[2208, -2147483645, 10]
NATIVE_ONLOAD widget=786579 script=[2208, -2147483645, 50]
NATIVE_ONLOAD widget=786581 script=[2208, -2147483645, X]
NATIVE_ONLOAD widget=786583 script=[2208, -2147483645, All]
NATIVE_ONLOAD widget=786585 script=[2211, -2147483645]
NATIVE_PREFERENCE_SAVE_RECORDED count=1294 persistence deliberately disabled
NATIVE_PREFERENCE_SAVE_RECORDED count=1295 persistence deliberately disabled
NATIVE_PREFERENCE_SAVE_RECORDED count=1296 persistence deliberately disabled
NATIVE_PREFERENCE_SAVE_RECORDED count=1297 persistence deliberately disabled
CAPTURE hud/bounded-bank-placeholder-selected 1920x1080 pixels=1448844
NATIVE_PREFERENCE_SAVE_RECORDED count=1298 persistence deliberately disabled
NATIVE_PREFERENCE_SAVE_RECORDED count=1299 persistence deliberately disabled
NATIVE_PREFERENCE_SAVE_RECORDED count=1300 persistence deliberately disabled
NATIVE_PREFERENCE_SAVE_RECORDED count=1301 persistence deliberately disabled
NATIVE_PREFERENCE_SAVE_RECORDED count=1302 persistence deliberately disabled
NATIVE_PREFERENCE_SAVE_RECORDED count=1303 persistence deliberately disabled
NATIVE_PREFERENCE_SAVE_RECORDED count=1304 persistence deliberately disabled
NATIVE_PREFERENCE_SAVE_RECORDED count=1305 persistence deliberately disabled
NATIVE_PREFERENCE_SAVE_RECORDED count=1306 persistence deliberately disabled
NATIVE_PREFERENCE_SAVE_RECORDED count=1307 persistence deliberately disabled
NATIVE_PREFERENCE_SAVE_RECORDED count=1308 persistence deliberately disabled
NATIVE_PREFERENCE_SAVE_RECORDED count=1309 persistence deliberately disabled
NATIVE_PREFERENCE_SAVE_RECORDED count=1310 persistence deliberately disabled
CAPTURE hud/bounded-hud-hidden 1920x1080 pixels=1433881
NATIVE_WIDGET_GROUP 218 count=211
NATIVE_ONLOAD widget=14286848 script=[2262, -2147483645, 14286849, 14286851, 14287049, 14286850, 14287051, 14287054, 14287055, 14287056, 14287057, 14287058]
NATIVE_ONLOAD widget=14287050 script=[834, -2147483645, 1]
NATIVE_ONLOAD widget=14287051 script=[991, -2147483645, 26]
NATIVE_PREFERENCE_SAVE_RECORDED count=1311 persistence deliberately disabled
NATIVE_PREFERENCE_SAVE_RECORDED count=1312 persistence deliberately disabled
NATIVE_PREFERENCE_SAVE_RECORDED count=1313 persistence deliberately disabled
NATIVE_PREFERENCE_SAVE_RECORDED count=1314 persistence deliberately disabled
CAPTURE hud/bounded-hud-locked 1920x1080 pixels=1435204
NATIVE_PREFERENCE_SAVE_RECORDED count=1315 persistence deliberately disabled
NATIVE_PREFERENCE_SAVE_RECORDED count=1316 persistence deliberately disabled
NATIVE_PREFERENCE_SAVE_RECORDED count=1317 persistence deliberately disabled
NATIVE_PREFERENCE_SAVE_RECORDED count=1318 persistence deliberately disabled
NATIVE_PREFERENCE_SAVE_RECORDED count=1319 persistence deliberately disabled
NATIVE_PREFERENCE_SAVE_RECORDED count=1320 persistence deliberately disabled
NATIVE_PREFERENCE_SAVE_RECORDED count=1321 persistence deliberately disabled
NATIVE_PREFERENCE_SAVE_RECORDED count=1322 persistence deliberately disabled
CAPTURE hud/bounded-hud-highlight 1920x1080 pixels=1433881
NATIVE_PREFERENCE_SAVE_RECORDED count=1323 persistence deliberately disabled
NATIVE_PREFERENCE_SAVE_RECORDED count=1324 persistence deliberately disabled
NATIVE_PREFERENCE_SAVE_RECORDED count=1325 persistence deliberately disabled
NATIVE_PREFERENCE_SAVE_RECORDED count=1326 persistence deliberately disabled
NATIVE_PREFERENCE_SAVE_RECORDED count=1327 persistence deliberately disabled
NATIVE_PREFERENCE_SAVE_RECORDED count=1328 persistence deliberately disabled
NATIVE_PREFERENCE_SAVE_RECORDED count=1329 persistence deliberately disabled
NATIVE_PREFERENCE_SAVE_RECORDED count=1330 persistence deliberately disabled
CAPTURE hud/bounded-levelup-chat 1920x1080 pixels=1434893
NATIVE_PREFERENCE_SAVE_RECORDED count=1331 persistence deliberately disabled
NATIVE_PREFERENCE_SAVE_RECORDED count=1332 persistence deliberately disabled
NATIVE_PREFERENCE_SAVE_RECORDED count=1333 persistence deliberately disabled
NATIVE_PREFERENCE_SAVE_RECORDED count=1334 persistence deliberately disabled
CAPTURE hud/bounded-levelup-popup 1920x1080 pixels=1435019
NATIVE_PREFERENCE_SAVE_RECORDED count=1335 persistence deliberately disabled
NATIVE_PREFERENCE_SAVE_RECORDED count=1336 persistence deliberately disabled
NATIVE_PREFERENCE_SAVE_RECORDED count=1337 persistence deliberately disabled
NATIVE_PREFERENCE_SAVE_RECORDED count=1338 persistence deliberately disabled
NATIVE_WIDGET_GROUP 392 count=79
NATIVE_ONLOAD widget=25690112 script=[2632, 25690119, 25690120, 25690187, 25690188, 25690189, 25690190]
NATIVE_PREFERENCE_SAVE_RECORDED count=1339 persistence deliberately disabled
NATIVE_PREFERENCE_SAVE_RECORDED count=1340 persistence deliberately disabled
NATIVE_PREFERENCE_SAVE_RECORDED count=1341 persistence deliberately disabled
NATIVE_PREFERENCE_SAVE_RECORDED count=1342 persistence deliberately disabled
CAPTURE hud/ui4-book-first 1920x1080 pixels=1432571
NATIVE_PREFERENCE_SAVE_RECORDED count=1343 persistence deliberately disabled
NATIVE_PREFERENCE_SAVE_RECORDED count=1344 persistence deliberately disabled
NATIVE_PREFERENCE_SAVE_RECORDED count=1345 persistence deliberately disabled
NATIVE_PREFERENCE_SAVE_RECORDED count=1346 persistence deliberately disabled
CAPTURE hud/ui4-book-last 1920x1080 pixels=1432238
NATIVE_WIDGET_GROUP 615 count=21
NATIVE_ONLOAD widget=40304640 script=[2039, -2147483645, 40304654, 40304658]
NATIVE_PREFERENCE_SAVE_RECORDED count=1347 persistence deliberately disabled
NATIVE_PREFERENCE_SAVE_RECORDED count=1348 persistence deliberately disabled
NATIVE_PREFERENCE_SAVE_RECORDED count=1349 persistence deliberately disabled
NATIVE_PREFERENCE_SAVE_RECORDED count=1350 persistence deliberately disabled
SOURCE_MAP_PLAYER WorldPoint(x=3168, y=3168, plane=0) base=3168,3168 markerHidden=true model=3062
CAPTURE hud/ui4-map-tutors-hidden 1920x1080 pixels=1435364
NATIVE_PREFERENCE_SAVE_RECORDED count=1351 persistence deliberately disabled
NATIVE_PREFERENCE_SAVE_RECORDED count=1352 persistence deliberately disabled
NATIVE_PREFERENCE_SAVE_RECORDED count=1353 persistence deliberately disabled
NATIVE_PREFERENCE_SAVE_RECORDED count=1354 persistence deliberately disabled
CAPTURE hud/ui4-map-tutors-shown 1920x1080 pixels=1435364
NATIVE_MAPLOADER_BEGIN base=3048,3032 squares=[12078, 12079, 12080, 12081, 12334, 12335, 12336, 12337, 12590, 12591, 12592, 12593]
NATIVE_MAPLOADER_OK tiles=36061 placed_object_tile_references=2712 base=3048,3032
NATIVE_MAPLOADER_BEGIN base=3048,9456 squares=[12179, 12180, 12181, 12435, 12436, 12437, 12693]
NATIVE_MAPLOADER_OK tiles=35105 placed_object_tile_references=5286 base=3048,9456
NATIVE_MAPLOADER_BEGIN base=3120,3240 squares=[12338, 12339, 12340, 12594, 12595, 12596, 12850, 12851, 12852]
NATIVE_MAPLOADER_OK tiles=34854 placed_object_tile_references=3016 base=3120,3240
NATIVE_MAPLOADER_BEGIN base=3200,3168 squares=[12592, 12593, 12594, 12595, 12848, 12849, 12850, 12851, 13104, 13105, 13106, 13107, 13360, 13361, 13362, 13363]
NATIVE_MAPLOADER_OK tiles=37096 placed_object_tile_references=2861 base=3200,3168
NATIVE_MAPLOADER_BEGIN base=3168,3168 squares=[12336, 12337, 12338, 12339, 12592, 12593, 12594, 12595, 12848, 12849, 12850, 12851, 13104, 13105, 13106, 13107]
NATIVE_MAPLOADER_OK tiles=36243 placed_object_tile_references=3073 base=3168,3168
